"lon","lat","vege","score"
-79.2,46.05,"Conifer/Hardwood",31
-57.033,52.517,"Boreal Forest",23.5
-73.311,45.543,"Conifer/Hardwood",38
-70.05,44.47,"Deciduous Forest",52
-67.331,45.256,"Conifer/Hardwood",40.5
-78.55,39.767,"Deciduous Forest",20
-95.167,47.183,"Deciduous Forest",50
-63.2,55.333,"Boreal Forest",19
-70.675,45.567,"Conifer/Hardwood",44
-63.25,55.667,"Boreal Forest",24
-72.999,46.614,"Conifer/Hardwood",48.5
-107.933,50.874,"Prairies",42.5
-93.27,42.02,"Prairies",32.5
-67.883,46.283,"Conifer/Hardwood",53
-80.283,38.2,"Deciduous Forest",39
-81.267,49.183,"Boreal Forest",28
-77.55,39.967,"Deciduous Forest",24
-84.9536,44.7189,"Conifer/Hardwood",20.5
-105.267,55.267,"Boreal Forest",28
-71.833,44.033,"Deciduous Forest",40
-69.958,60.988,"Forest-Tundra",28.5
-70.35,45.85,"Conifer/Hardwood",37
-71.6593,44.1605,"Deciduous Forest",47.5
-93.75,49.583,"Conifer/Hardwood",28.5
-73.476,46.276,"Conifer/Hardwood",52
-87.7305,44.0534,"Prairies",48
-62.633,55.033,"Boreal Forest",19
-78.997,37.985,"Deciduous Forest",22.5
-73.968,44.181,"Conifer/Hardwood",47.5
-63.033,58.2,"Forest-Tundra",23.5
-89.7,46.183,"Conifer/Hardwood",45.5
-81.767,47.317,"Conifer/Hardwood",41.5
-92.62,46.72,"Conifer/Hardwood",33
-70.3,46.717,"Conifer/Hardwood",26.5
-67.5,54.8,"Boreal Forest",19
-73.331,45.964,"Conifer/Hardwood",44
-84.783,45.067,"Conifer/Hardwood",28
-89.9,46.25,"Conifer/Hardwood",31
-81.317,48.4,"Boreal Forest",38
-93.6,47.283,"Deciduous Forest",51
-66.717,45.144,"Conifer/Hardwood",36.5
-83.258,30.725,"Deciduous Forest",15
-101.233,62.633,"Forest-Tundra",24
-71.423,47.078,"Conifer/Hardwood",40
-94.933,47.183,"Deciduous Forest",41.5
-64.833,56.783,"Forest-Tundra",19
-71.433,41.783,"Deciduous Forest",38.5
-69.3,43.767,"Deciduous Forest",42
-58.05,52.267,"Boreal Forest",23.5
-68.639,44.628,"Deciduous Forest",39.5
-93.383,47.983,"Conifer/Hardwood",50.5
-81.5,46.6,"Conifer/Hardwood",41.5
-79.467,46.45,"Conifer/Hardwood",34.5
-73.05,42.65,"Deciduous Forest",38
-60.167,53.517,"Forest-Tundra",18.5
-94.4,46.35,"Deciduous Forest",41.5
-77.5081,40.7918,"Deciduous Forest",13.5
-57.75,53.05,"Boreal Forest",14
-71.45,41.517,"Deciduous Forest",30.5
-65.167,57.633,"Forest-Tundra",24
-76.1,45.6,"Conifer/Hardwood",43
-92.7,49.35,"Conifer/Hardwood",32
-93.167,32.467,"Deciduous Forest",24
-99.65,50.717,"Prairies",41.5
-57.717,54.4,"Forest-Tundra",23.5
-82,29.517,"Deciduous Forest",23.5
-91.567,49.933,"Boreal Forest",29
-100.75,63.033,"Forest-Tundra",24
-63.883,56.633,"Boreal Forest",28.5
-58.917,53.95,"Forest-Tundra",18.5
-52.667,47.617,"Boreal Forest",18.5
-70.62,46.58,"Conifer/Hardwood",35
-67.5,55.017,"Boreal Forest",19
-62.05,57.383,"Forest-Tundra",28.5
-91.66,47.472,"Conifer/Hardwood",23.5
-57.3,51.517,"Boreal Forest",19
-90.079,45.335,"Deciduous Forest",44.5
-87.95,46.75,"Conifer/Hardwood",41
-79.072,37.996,"Deciduous Forest",20
-70.616,47.61,"Boreal Forest",30
-78.917,46.4,"Conifer/Hardwood",39
-69.41,43.921,"Deciduous Forest",39.5
-120.881,45.918,"Coastal",33
-110.261,44.299,"Mountain vegetation",19.5
-69.317,44.983,"Deciduous Forest",53
-70.35,44.033,"Deciduous Forest",30.5
-70.35,43.967,"Deciduous Forest",39
-68.2,45.033,"Conifer/Hardwood",44
-120.667,57.45,"Boreal Forest",23.5
-114.6,50.767,"Prairies",28
-122.167,59.517,"Boreal Forest",28.5
-78.954,33.799,"Deciduous Forest",18.5
-112.1,57.767,"Boreal Forest",28.5
-107.011,44.294,"Prairies",28.5
-80.698,46.828,"Conifer/Hardwood",19
-84.258,47.308,"Conifer/Hardwood",22
-77.175,44.85,"Deciduous Forest",31.5
-107.466,44.5,"Mountain vegetation",19
-99.906,44.836,"Prairies",33
-74.583,49.683,"Boreal Forest",23.5
-83.195,30.642,"Deciduous Forest",20
-64.94,48.198,"Boreal Forest",23.5
-66.125,48.911,"Conifer/Hardwood",27
-65.839,48.238,"Boreal Forest",23.5
-110.6,44.956,"Mountain vegetation",5
-119.483,56.767,"Boreal Forest",28.5
-75.25,58.583,"Forest-Tundra",33
-75.25,55.092,"Boreal Forest",18.5
-75.017,55.833,"Boreal Forest",19
-75.067,55.413,"Boreal Forest",18.5
-75.7,55.067,"Boreal Forest",19
-74.933,55.25,"Boreal Forest",14
-75.95,55.117,"Boreal Forest",23.5
-76.39,57.113,"Forest-Tundra",33
-73.517,55,"Boreal Forest",19
-73.562,55,"Boreal Forest",19
-73.542,55.002,"Boreal Forest",14
-73.517,55.003,"Boreal Forest",14
-73.55,55,"Boreal Forest",19
-73.558,55.002,"Boreal Forest",14
-73.545,55.003,"Boreal Forest",19
-66.767,54.767,"Boreal Forest",19
-66.767,54.767,"Boreal Forest",14
-66.767,54.767,"Boreal Forest",19
-74.945,56.023,"Boreal Forest",19
-74.975,56.02,"Boreal Forest",23.5
-75.25,55.117,"Boreal Forest",14
-66.8,54.8,"Boreal Forest",24
-66.8,54.8,"Boreal Forest",24
-66.8,54.8,"Boreal Forest",19
-74.583,55.625,"Boreal Forest",19
-74.6,55.617,"Boreal Forest",23.5
-74.95,59.158,"Forest-Tundra",28
-66.733,54.767,"Boreal Forest",19
-74.9,56.943,"Forest-Tundra",19
-77.717,55.283,"Forest-Tundra",24
-77.718,55.287,"Forest-Tundra",24
-77.703,55.292,"Forest-Tundra",28
-77.7,55.292,"Forest-Tundra",19
-77.7,55.295,"Forest-Tundra",19
-66.75,54.767,"Boreal Forest",19
-76.305,57.758,"Forest-Tundra",24
-76.11,57.725,"Forest-Tundra",24
-117.217,52.242,"Mountain vegetation",29
-113.65,48.8,"Mountain vegetation",29
-113.567,48.833,"Mountain vegetation",29
-113.45,48.85,"Mountain vegetation",33.5
-113.367,48.833,"Mountain vegetation",29
-113.3,48.85,"Mountain vegetation",38.5
-113.25,48.85,"Mountain vegetation",34
-113.167,48.767,"Mountain vegetation",29
-113.117,48.717,"Mountain vegetation",34
-113.117,48.55,"Mountain vegetation",28.5
-113.017,48.617,"Mountain vegetation",33.5
-112.967,48.533,"Prairies",29
-112.75,48.583,"Prairies",24.5
-112.183,48.733,"Prairies",24.5
-111.917,48.75,"Prairies",33.5
-111.7,48.75,"Prairies",29
-111.417,48.75,"Prairies",29
-111.267,48.883,"Prairies",24
-111.117,48.917,"Prairies",24
-111.033,48.883,"Prairies",24
-110.983,48.95,"Prairies",29
-110.883,48.883,"Prairies",29
-110.5,48.883,"Prairies",29
-109.867,48.9,"Prairies",19
-109.617,48.75,"Prairies",24
-108.95,48.867,"Prairies",19
-108.667,48.867,"Prairies",34
-108.467,48.867,"Prairies",24
-108.133,48.917,"Prairies",24
-107.783,48.833,"Prairies",24
-107.583,48.75,"Prairies",24
-107.283,48.733,"Prairies",29
-107.083,48.8,"Prairies",24
-106.8,48.883,"Prairies",24
-106.533,48.883,"Prairies",28.5
-106.233,48.867,"Prairies",33.5
-103.167,47.8,"Prairies",31.5
-102.7,47.967,"Prairies",34
-102.033,47.967,"Prairies",27.5
-101.733,47.967,"Prairies",29
-127.5,66.167,"Boreal Forest",19
-126.167,65.833,"Boreal Forest",19
-128.167,65.75,"Boreal Forest",19
-123.5,64.833,"Boreal Forest",19
-123.5,64.4,"Boreal Forest",23.5
-122.233,62.333,"Boreal Forest",19
-120.433,63.817,"Boreal Forest",23.5
-122.617,63.883,"Boreal Forest",19
-122.967,62.75,"Boreal Forest",23.5
-122.967,63.217,"Boreal Forest",23.5
-122.733,63.617,"Boreal Forest",24
-121.05,62.167,"Boreal Forest",24
-114.35,62.433,"Boreal Forest",23.5
-120.05,61.2,"Boreal Forest",24
-116.2,60.583,"Boreal Forest",19
-116.75,55.633,"Boreal Forest",38
-114.667,55.25,"Boreal Forest",38
-113.667,55.083,"Boreal Forest",37.5
-112.75,54.5,"Boreal Forest",38
-111.167,54.333,"Boreal Forest",33
-114.833,51.8,"Prairies",33.5
-117.767,53.267,"Mountain vegetation",19
-117.133,53.583,"Boreal Forest",19
-116.1,53.6,"Boreal Forest",19
-116.833,54.45,"Boreal Forest",28.5
-117.5,55.083,"Boreal Forest",33
-115.667,54.467,"Boreal Forest",33
-117.5,57.5,"Boreal Forest",24
-111.333,53.933,"Prairies",38
-114.167,53.55,"Boreal Forest",33
-117.9,52.7,"Mountain vegetation",15
-116.167,52.45,"Mountain vegetation",15
-116.417,51.667,"Mountain vegetation",20
-115.333,51.25,"Mountain vegetation",14.5
-114.25,49.567,"Prairies",23.5
-110.717,52.083,"Prairies",42.5
-112.167,51.367,"Prairies",38.5
-111.083,49.917,"Prairies",29
-112.417,49.8,"Prairies",33.5
-114.167,51.167,"Prairies",38.5
-119.008,37.596,"Mountain vegetation",18
-119.068,37.663,"Mountain vegetation",18.5
-109.517,42.317,"Mountain vegetation",9
-109.033,42.3,"Mountain vegetation",19
-108.867,42.45,"Mountain vegetation",19
-108.717,42.55,"Mountain vegetation",19
-108.5,42.95,"Mountain vegetation",28.5
-108.117,43.367,"Mountain vegetation",19
-108.183,43.467,"Mountain vegetation",23.5
-108.117,43.8,"Mountain vegetation",24
-107.25,44.167,"Mountain vegetation",28.5
-107.133,44.167,"Prairies",24
-106.933,44.317,"Prairies",24
-106.733,44.333,"Prairies",19
-105.167,44.267,"Prairies",19
-104.917,44.3,"Prairies",22.5
-103.717,44.333,"Prairies",27.5
-103.417,44.417,"Prairies",14
-102.85,44.517,"Prairies",24
-102.067,44.667,"Prairies",27.5
-102,45.033,"Prairies",14
-102,45.033,"Prairies",14
-100.35,45.067,"Prairies",14
-98.75,44.9,"Prairies",14
-98.75,44.9,"Prairies",19
-97.467,44.883,"Prairies",9.5
-119.258,37.908,"Mountain vegetation",19.5
-93.704,46.128,"Deciduous Forest",46
-95.167,47.183,"Deciduous Forest",49.5
-94.917,47.183,"Deciduous Forest",41.5
-95.733,47.183,"Deciduous Forest",45
-95.558,47.165,"Deciduous Forest",41.5
-92.467,46.583,"Conifer/Hardwood",43
-95.783,47.217,"Deciduous Forest",51
-92.87,46.353,"Deciduous Forest",32
-93.103,46.086,"Deciduous Forest",45.5
-95.698,47.178,"Deciduous Forest",59
-93.68,46.068,"Deciduous Forest",10
-93.273,45.781,"Deciduous Forest",32
-93.467,45.725,"Deciduous Forest",49.5
-93.168,45.849,"Deciduous Forest",45
-99.233,47.15,"Prairies",27.5
-94.113,47.081,"Deciduous Forest",59
-95.008,47.244,"Deciduous Forest",40
-95.008,47.244,"Deciduous Forest",38.5
-95.575,46.922,"Deciduous Forest",5
-95.575,46.922,"Deciduous Forest",5
-93.783,46.133,"Deciduous Forest",22.5
-104,50.78,"Prairies",49.5
-77.433,45.033,"Deciduous Forest",52
-89.324,48.422,"Conifer/Hardwood",36.5
-88.74,48.56,"Conifer/Hardwood",40.5
-80.117,47,"Conifer/Hardwood",19
-94.25,51.383,"Boreal Forest",23.5
-127.05,65.217,"Boreal Forest",23.5
-127.75,65.517,"Boreal Forest",19
-128.567,65.683,"Boreal Forest",19
-107.26,44.179,"Mountain vegetation",24
-94.967,47.558,"Deciduous Forest",24.5
-94.75,46.867,"Deciduous Forest",50
-95.317,46.967,"Deciduous Forest",51
-94.95,46.95,"Deciduous Forest",37
-94.133,46.55,"Deciduous Forest",36.5
-122.547,49.308,"Coastal",27.5
-121.5,50.35,"Mountain vegetation",27
-112.717,48.55,"Prairies",34
-122.25,46.592,"Coastal",26.5
-55.506,48.936,"Boreal Forest",23.5
-56.196,50.034,"Boreal Forest",18.5
-55.473,49.471,"Boreal Forest",18.5
-110.6,44.65,"Mountain vegetation",24
-110.233,43.933,"Mountain vegetation",28.5
-110.3,44.067,"Mountain vegetation",33.5
-110.6,43.75,"Mountain vegetation",19.5
-110.317,43.767,"Mountain vegetation",29
-110.233,44.15,"Mountain vegetation",33.5
-110.35,44.933,"Mountain vegetation",33.5
-117.858,33.658,"Mountain vegetation",35.5
-98.667,38.467,"Prairies",19
-105.5,37.55,"Desert",38
-119.833,37,"Mediterranian",24
-111.183,44.125,"Mountain vegetation",14.5
-110.733,44.917,"Mountain vegetation",19
-93.183,45.425,"Prairies",45
-85.04,46.7,"Conifer/Hardwood",28
-92.158,48.233,"Conifer/Hardwood",41
-91.9,48.033,"Conifer/Hardwood",46
-91.642,47.708,"Conifer/Hardwood",38.5
-89.483,45.783,"Deciduous Forest",32.5
-89.317,45.85,"Deciduous Forest",47
-89.625,45.933,"Deciduous Forest",31
-89.375,45.986,"Deciduous Forest",30.5
-84.958,46.427,"Conifer/Hardwood",49.5
-84.958,46.427,"Conifer/Hardwood",35.5
-90.933,47.958,"Conifer/Hardwood",37.5
-71.317,44.267,"Deciduous Forest",45.5
-71.317,44.267,"Deciduous Forest",44.5
-71.317,44.267,"Deciduous Forest",31.5
-77.34,46.03,"Conifer/Hardwood",36.5
-126.417,65.233,"Boreal Forest",28.5
-89.7,45.8,"Deciduous Forest",32.5
-88.9,44.8,"Deciduous Forest",26.5
-88.861,44.349,"Prairies",31
-79.78,47.23,"Conifer/Hardwood",27.5
-79.1,43.82,"-99",43
-84.93,48.21,"Conifer/Hardwood",37.5
-92,49.48,"Conifer/Hardwood",33
-79.98,44.82,"Deciduous Forest",27
-79.77,44.17,"Deciduous Forest",43
-116.33,50.75,"Mountain vegetation",19
-93.644,47.136,"Deciduous Forest",50.5
-93.683,47.133,"Deciduous Forest",49.5
-93.667,47.133,"Deciduous Forest",40
-119.083,37,"Mountain vegetation",19.5
-119.533,37.9,"Mountain vegetation",32.5
-119.26,37.196,"Mountain vegetation",24.5
-119.817,37.95,"Mountain vegetation",24
-107.684,37.746,"Desert",41.5
-107.698,37.738,"Desert",42.5
-107.8,37.483,"Desert",48
-105.58,39.937,"Desert",38
-107.808,37.613,"Desert",43
-79.616,38.155,"Deciduous Forest",19.5
-116.417,51.65,"Mountain vegetation",24.5
-105.542,40.083,"Desert",38
-110.284,44.49,"Mountain vegetation",33.5
-93.692,44.892,"Prairies",32.5
-93.692,44.892,"Prairies",27.5
-92.017,48.108,"Conifer/Hardwood",38
-92.017,48.108,"Conifer/Hardwood",41.5
-92.017,48.108,"Conifer/Hardwood",23.5
-62.917,57.333,"Forest-Tundra",28.5
-62.8,57.333,"Forest-Tundra",28.5
-63.133,57.283,"Forest-Tundra",28.5
-63.167,57.167,"Forest-Tundra",23.5
-63.083,57.133,"Forest-Tundra",28.5
-62.867,57.267,"Forest-Tundra",28.5
-64.533,56.65,"Forest-Tundra",19
-64.5,56.65,"Forest-Tundra",19
-64.5,56.583,"Forest-Tundra",28.5
-64.183,56.3,"Forest-Tundra",24
-62.667,57.617,"Forest-Tundra",28.5
-64.25,56.367,"Forest-Tundra",24
-63.95,56.283,"Forest-Tundra",19
-64.417,56.167,"Forest-Tundra",19
-63.383,55.4,"Boreal Forest",29
-62.033,55.45,"Boreal Forest",23.5
-62.65,55.233,"Boreal Forest",19
-62.733,55.2,"Boreal Forest",23.5
-62.733,55.1,"Boreal Forest",19
-62.65,55.033,"Boreal Forest",19
-63.117,55.05,"Boreal Forest",28.5
-63.2,55.133,"Boreal Forest",24
-62.25,55.217,"Boreal Forest",19
-63.25,54.867,"Boreal Forest",23.5
-63.117,54.6,"Boreal Forest",19
-63.033,54.883,"Boreal Forest",14
-62.733,54.867,"Boreal Forest",19
-62.717,54.9,"Boreal Forest",19
-63.033,54.767,"Boreal Forest",14
-62.883,54.333,"Boreal Forest",19
-62.45,54.883,"Boreal Forest",19
-62.35,54.8,"Boreal Forest",19
-62.383,54.817,"Boreal Forest",19
-61.283,54.567,"Boreal Forest",15
-61.2,54.467,"Boreal Forest",14
-61.283,54.45,"Boreal Forest",18.5
-61.25,54.417,"Boreal Forest",14
-61.117,54.383,"Boreal Forest",19
-61.15,54.367,"Boreal Forest",23.5
-61.133,54.3,"Boreal Forest",19
-60.883,54.3,"Forest-Tundra",23.5
-60.15,54.717,"Forest-Tundra",23.5
-60.233,53.717,"Forest-Tundra",23.5
-60.317,53.683,"Forest-Tundra",18.5
-60.683,53.633,"Forest-Tundra",23.5
-60.75,53.617,"Forest-Tundra",23.5
-60.9,53.617,"Forest-Tundra",18.5
-60.617,53.6,"Forest-Tundra",18.5
-56.283,52.55,"Boreal Forest",18.5
-56.533,52.45,"Boreal Forest",23.5
-56.7,52.867,"Boreal Forest",18.5
-56.383,52.733,"Boreal Forest",18.5
-56.667,52.6,"Boreal Forest",18.5
-56.183,52.6,"Boreal Forest",18.5
-56.667,52.417,"Boreal Forest",23.5
-57.033,52.4,"Boreal Forest",18.5
-57.367,52.5,"Boreal Forest",23.5
-57.817,52.583,"Boreal Forest",19
-57.717,52.367,"Boreal Forest",23.5
-57.45,52.133,"Boreal Forest",23.5
-57.55,52.2,"Boreal Forest",23.5
-57.433,52.2,"Boreal Forest",18.5
-57.867,52.083,"Boreal Forest",18.5
-57.833,52.083,"Boreal Forest",23.5
-138.383,68.383,"Boreal Forest",33
-92.107,48.165,"Conifer/Hardwood",28
-76.683,44.8,"Deciduous Forest",52.5
-110.482,47.635,"Prairies",38
-116.35,51.36,"Mountain vegetation",24
-116.313,51.343,"Mountain vegetation",29
-122.042,43.65,"Coastal",33.5
-112.217,36.717,"Desert",38
-107.051,40.024,"Desert",43
-111.667,38.617,"Desert",38
-105.5,37.7,"Desert",33.5
-111.7,37.95,"Desert",38
-68.733,45.042,"Conifer/Hardwood",48.5
-131.76,52.93,"Coastal",18.5
-105.45,43.5,"Prairies",28.5
-108.25,33.867,"Desert",14.5
-108.3,33.7,"Desert",28.5
-92.183,48.183,"Conifer/Hardwood",37.5
-119.625,37.725,"Mountain vegetation",28.5
-91.995,47.924,"Conifer/Hardwood",40
-92.63,38.22,"Deciduous Forest",26.5
-109.425,34,"Desert",28.5
-110.833,34.333,"Desert",14.5
-133.467,68.267,"Boreal Forest",28.5
-132.017,67.65,"Boreal Forest",19
-133.45,69.05,"Forest-Tundra",28.5
-135.933,65.95,"Boreal Forest",23.5
-101.38,38.05,"Prairies",19
-102,42.83,"Prairies",14
-103.83,42.75,"Prairies",24
-104.33,42.75,"Prairies",19
-105.383,51.311,"Prairies",24
-105.217,52.717,"Prairies",42.5
-108.367,53.583,"Prairies",28.5
-108.367,53.583,"Prairies",42.5
-108.367,53.6,"Prairies",24.5
-108.483,53.783,"Prairies",38
-105.808,53.346,"Boreal Forest",33
-105.767,53.49,"Boreal Forest",42.5
-105.256,53.479,"Boreal Forest",24
-105.867,53.558,"Boreal Forest",37.5
-105.933,53.567,"Boreal Forest",42.5
-105.8,54.017,"Boreal Forest",37.5
-105.817,54.033,"Boreal Forest",28
-105.717,54.05,"Boreal Forest",28.5
-105.7,54.067,"Boreal Forest",23
-105.517,54.283,"Boreal Forest",33
-105.533,54.575,"Boreal Forest",37.5
-105.433,54.733,"Boreal Forest",28.5
-105.267,55.25,"Boreal Forest",28
-105.683,57.8,"Boreal Forest",28.5
-105.75,59.5,"Boreal Forest",19
-105.383,60.2,"Boreal Forest",23.5
-104.883,61.1,"Boreal Forest",23.5
-111.12,48.92,"Prairies",29
-73.53,42.7,"Deciduous Forest",47.5
-94.188,51.079,"Boreal Forest",29
-91.55,51.117,"Boreal Forest",28
-93.717,51.433,"Boreal Forest",23.5
-96.17,64.33,"Arctic",42.5
-97,64,"Forest-Tundra",33.5
-98,63.83,"Forest-Tundra",38
-99,63.75,"Forest-Tundra",38
-93.75,62.75,"Forest-Tundra",33.5
-100,63,"Forest-Tundra",29
-94.92,61.83,"Forest-Tundra",33.5
-97,62.33,"Forest-Tundra",37.5
-96.6,61.83,"Forest-Tundra",24
-96,61.2,"Forest-Tundra",28.5
-95.33,59.83,"Forest-Tundra",38
-96,59.92,"Forest-Tundra",33
-95.92,59.75,"Forest-Tundra",28.5
-97,61,"Forest-Tundra",24
-97.83,60.05,"Boreal Forest",37.5
-100.67,60.83,"Forest-Tundra",24
-98.83,60.33,"Boreal Forest",33
-94,58.67,"Forest-Tundra",33.5
-94,58.67,"Forest-Tundra",29
-97.17,59.33,"Boreal Forest",38
-98,59.17,"Boreal Forest",28.5
-96.42,59.25,"Boreal Forest",28.5
-98.92,59.17,"Boreal Forest",24
-96.17,58.33,"Boreal Forest",33.5
-97.17,58.25,"Boreal Forest",24
-98.17,58.17,"Boreal Forest",33
-99.17,58.42,"Boreal Forest",28.5
-99.83,59.08,"Boreal Forest",24
-101.17,59.58,"Boreal Forest",28.5
-101.43,59.11,"Boreal Forest",33
-100,58.75,"Boreal Forest",33
-100.3,58.87,"Boreal Forest",28.5
-96.67,55,"Boreal Forest",37.5
-105.67,55.75,"Boreal Forest",24
-105.67,55.75,"Boreal Forest",28.5
-105.67,55.75,"Boreal Forest",28
-105.67,55.75,"Boreal Forest",33
-105,55.75,"Boreal Forest",19
-105,55.75,"Boreal Forest",19
-105,55.75,"Boreal Forest",28
-105,55.75,"Boreal Forest",32.5
-102,55,"Boreal Forest",32.5
-102,55,"Boreal Forest",23.5
-102,55,"Boreal Forest",28
-102,55,"Boreal Forest",23.5
-102,55,"Boreal Forest",33
-102,55,"Boreal Forest",28
-95.08,51.25,"Boreal Forest",28.5
-95.08,51.25,"Boreal Forest",28.5
-95.08,51.25,"Boreal Forest",28.5
-95.08,51.25,"Boreal Forest",23.5
-95.17,50.83,"Boreal Forest",28.5
-95.17,50.83,"Boreal Forest",33
-95.17,50.83,"Boreal Forest",23.5
-102.67,53.75,"Boreal Forest",42.5
-102.67,53.75,"Boreal Forest",42.5
-102.67,53.75,"Boreal Forest",42.5
-102.67,53.75,"Boreal Forest",38
-102.67,53.75,"Boreal Forest",42.5
-104.83,54.33,"Boreal Forest",28
-104.83,54.33,"Boreal Forest",32.5
-108.17,53.55,"Prairies",42.5
-101.08,51.83,"Prairies",47.5
-101.08,51.83,"Prairies",42.5
-99.87,50.68,"Prairies",42.5
-100.05,50.88,"Prairies",46
-99.65,50.717,"Prairies",41.5
-99.65,50.717,"Prairies",38
-99.95,50.73,"Prairies",42.5
-96.38,49.43,"Deciduous Forest",38
-103.59,50.65,"Prairies",37
-101,50.42,"Prairies",47.5
-100.75,49.67,"Prairies",38.5
-99.93,49.72,"Prairies",51
-99.68,49.52,"Prairies",47.5
-99.28,49.4,"Prairies",46.5
-97.63,50.48,"Deciduous Forest",42.5
-100.05,49.02,"Prairies",51
-100.07,49.07,"Prairies",54.5
-100.15,49.07,"Prairies",54.5
-96,57.17,"Boreal Forest",28.5
-97.83,57.25,"Boreal Forest",28
-96.92,56.67,"Boreal Forest",38
-97,56.33,"Boreal Forest",34
-98,56,"Boreal Forest",28.5
-97.8,55,"Boreal Forest",15
-96,55,"Boreal Forest",33
-96.33,54.83,"Boreal Forest",38
-95,54.83,"Boreal Forest",33
-94.33,54.67,"Boreal Forest",24
-98.33,55,"Boreal Forest",38
-96.33,54.33,"Boreal Forest",37.5
-96.33,54.17,"Boreal Forest",28.5
-95.9,54.33,"Boreal Forest",38
-98.33,55.92,"Boreal Forest",33
-98.83,56,"Boreal Forest",20
-100.25,56.75,"Boreal Forest",33
-100.64,56.98,"Boreal Forest",24
-101.37,56.86,"Boreal Forest",33
-83.42,36.02,"Deciduous Forest",18.5
-86.25,30.38,"Deciduous Forest",28
-87.63,31.02,"Deciduous Forest",28
-89.6,31.29,"Deciduous Forest",23.5
-91.2,31.55,"Deciduous Forest",28
-91.23,32.14,"Deciduous Forest",31
-90.87,32.3,"Deciduous Forest",32
-89.23,33.543,"Deciduous Forest",18.5
-90.28,34.26,"Deciduous Forest",30.5
-82.68,33.46,"Deciduous Forest",24.5
-83.25,33.55,"Deciduous Forest",24.5
-80.17,36.11,"Deciduous Forest",23.5
-77.63,36.43,"Deciduous Forest",23.5
-78.55,35.91,"Deciduous Forest",32
-76.85,34.73,"Deciduous Forest",15
-81.82,33.55,"Deciduous Forest",26.5
-79.95,33.06,"Deciduous Forest",32.5
-94.42,33.48,"Deciduous Forest",22
-93.48,33.37,"Deciduous Forest",22
-91.63,33.01,"Deciduous Forest",22.5
-92.33,32.53,"Deciduous Forest",26.5
-94.37,32.49,"Deciduous Forest",22
-93.57,31.51,"Deciduous Forest",22
-93.72,30.13,"Deciduous Forest",32.5
-85.88,31.79,"Deciduous Forest",33
-94.28,29.93,"Deciduous Forest",23.5
-91.72,30.34,"Deciduous Forest",31
-91.03,29.67,"Deciduous Forest",27.5
-90.52,29.78,"Deciduous Forest",32
-85.82,33.61,"Deciduous Forest",28
-90.42,30.47,"Deciduous Forest",28
-89.98,29.88,"Deciduous Forest",37
-90.42,30.2,"Deciduous Forest",31
-91.75,35.17,"Deciduous Forest",22
-92.72,35.18,"Deciduous Forest",26.5
-94.33,35.23,"Deciduous Forest",26.5
-94.07,34.73,"Deciduous Forest",22
-88.77,31.1,"Deciduous Forest",20
-89.68,32.32,"Deciduous Forest",18.5
-88.467,45.883,"Deciduous Forest",36
-88.417,45.85,"Deciduous Forest",48.5
-118.96,47.43,"Mountain vegetation",24
-118.75,47.45,"Mountain vegetation",24
-119.41,47.21,"Mountain vegetation",24
-118.68,47.35,"Mountain vegetation",19
-117.13,46.73,"Mountain vegetation",24.5
-118.58,47.13,"Mountain vegetation",24
-119.6,46.88,"Mountain vegetation",29
-118.65,46.8,"Mountain vegetation",24
-118.86,47.63,"Mountain vegetation",24
-119.13,46.8,"Mountain vegetation",24
-119.75,47.15,"Mountain vegetation",29
-120.26,46.53,"Mountain vegetation",24
-117.23,46.81,"Mountain vegetation",19.5
-118.7,47.7,"Mountain vegetation",24
-119.88,46.53,"Mountain vegetation",28.5
-118.43,46.78,"Mountain vegetation",24
-117.96,47.31,"Mountain vegetation",19
-118.51,46.78,"Mountain vegetation",19
-119.13,46.8,"Mountain vegetation",24
-117.88,46.8,"Mountain vegetation",29
-119.03,46.72,"Mountain vegetation",24
-117.65,46.82,"Mountain vegetation",24
-118.77,46.63,"Mountain vegetation",29
-118.1,47.37,"Mountain vegetation",24
-119,46.7,"Mountain vegetation",14
-118.37,46.77,"Mountain vegetation",24
-119.08,46.73,"Mountain vegetation",19
-117.85,46.82,"Mountain vegetation",24.5
-117.95,47.28,"Mountain vegetation",24
-118.58,46.65,"Mountain vegetation",29
-118.47,46.67,"Mountain vegetation",24
-120.45,46.28,"Mountain vegetation",29
-117.7,46.93,"Mountain vegetation",19
-118.3,46.78,"Mountain vegetation",24
-119.62,46.73,"Mountain vegetation",29
-120.47,46.22,"Mountain vegetation",14
-118.18,47,"Mountain vegetation",29
-118.08,46.8,"Mountain vegetation",19
-120.32,46.33,"Mountain vegetation",24
-120.47,46.9,"Mountain vegetation",24
-120.7,46.38,"Coastal",33
-119.8,46.55,"Mountain vegetation",29
-119.48,46.38,"Mountain vegetation",24
-118.68,47.1,"Mountain vegetation",29
-119.85,47.13,"Mountain vegetation",19
-119.67,47.6,"Mountain vegetation",29
-119.37,47.88,"Mountain vegetation",29
-119.58,47.88,"Mountain vegetation",24
-119.8,47.73,"Mountain vegetation",24
-119.22,46.13,"Mountain vegetation",24
-119.73,47.83,"Mountain vegetation",24
-118.32,46.83,"Mountain vegetation",24
-118.85,47.08,"Mountain vegetation",24
-119.48,46.28,"Mountain vegetation",24
-119.43,46.38,"Mountain vegetation",24
-119.73,46.2,"Mountain vegetation",24
-119.6,47.75,"Mountain vegetation",24
-120.02,47.65,"Mountain vegetation",24
-119.53,47.45,"Mountain vegetation",29
-119.45,47.25,"Mountain vegetation",24
-119.38,45.93,"Mountain vegetation",24
-119.3,46.33,"Mountain vegetation",29
-119.98,47.23,"Mountain vegetation",28
-118.58,47.12,"Mountain vegetation",24
-119.6,46.12,"Mountain vegetation",24
-120.08,47.28,"Mountain vegetation",29
-119.37,47.6,"Mountain vegetation",19
-112.396,46.531,"Mountain vegetation",24
-112.166,46.452,"Mountain vegetation",19.5
-124.0333,44.3667,"Coastal",24.5
-124,44.6,"Coastal",24.5
-123.9333,44.95,"Coastal",15
-123.8833,44.7333,"Coastal",23
-123.8667,44.75,"Coastal",19.5
-123.8,44.7333,"Coastal",14.5
-123.75,44.7,"Coastal",19.5
-123.7,44.6833,"Coastal",14.5
-123.5667,44.65,"Coastal",24
-123.55,44.55,"Coastal",24.5
-123.5,44.5667,"Coastal",34
-123.55,44.5333,"Coastal",28
-123.5,44.5167,"Coastal",19
-123.4833,44.5,"Coastal",19
-123.4667,44.5,"Coastal",10
-123.4667,44.6333,"Coastal",33
-123.4333,44.6167,"Coastal",19.5
-123.3167,44.5333,"Coastal",38.5
-123.3,44.55,"Coastal",19.5
-123.3,44.5333,"Coastal",24
-123.25,44.7333,"Coastal",19.5
-123.05,44.7167,"Coastal",28.5
-122.9,44.5167,"Coastal",23.5
-122.8,44.3833,"Coastal",23
-122.75,44.45,"Coastal",14.5
-122.55,44.4,"Coastal",19
-122.5,44.3833,"Coastal",32
-122.4333,44.4333,"Coastal",19
-122.3667,44.4333,"Coastal",32
-122.25,44.3833,"Coastal",47
-122.2,44.4333,"Coastal",42
-122.0167,44.4333,"Coastal",33
-121.95,45.8667,"Coastal",37
-121.95,45.8667,"Coastal",28.5
-121.9333,45.8667,"Coastal",18
-121.9333,45.8667,"Coastal",42
-121.9167,45.8667,"Coastal",42
-121.9,45.8833,"Coastal",42
-121.9,45.8833,"Coastal",33.5
-121.8833,45.8833,"Coastal",38
-121.8667,45.8833,"Coastal",43
-121.9667,45.45,"Coastal",38
-121.8833,45.45,"Coastal",37
-121.8,44.4333,"Coastal",37
-121.75,44.2667,"Coastal",37.5
-121.6167,44.2333,"Coastal",47
-121.5,44.2333,"Coastal",37
-121.4,44.25,"Coastal",42.5
-121.1667,44.2333,"Coastal",37.5
-121.0833,44.2667,"Mountain vegetation",47
-116.95,46.92,"Mountain vegetation",29
-116.65,46.93,"Mountain vegetation",24
-116.9,46.9,"Mountain vegetation",28.5
-116.85,46.8,"Mountain vegetation",38.5
-116.67,46.98,"Mountain vegetation",29
-116.87,46.8,"Mountain vegetation",43
-116.92,46.8,"Mountain vegetation",23.5
-116.83,46.8,"Mountain vegetation",42
-116.83,46.8,"Mountain vegetation",38
-116.1,47.13,"Mountain vegetation",38
-116.67,46.97,"Mountain vegetation",37.5
-116.67,47,"Mountain vegetation",23
-116.67,46.77,"Mountain vegetation",33.5
-116.73,47.13,"Mountain vegetation",29
-115.2,46.47,"Mountain vegetation",34
-119.62,48.63,"Mountain vegetation",29
-118.7,48.2,"Mountain vegetation",24
-117.03,46.83,"Mountain vegetation",38.5
-117.27,46.9,"Mountain vegetation",24
-117.27,46.92,"Mountain vegetation",24
-117.53,47.63,"Mountain vegetation",24
-117.55,47.47,"Mountain vegetation",24
-117.4,47.5,"Mountain vegetation",24
-117.6,47.73,"Mountain vegetation",28
-117.43,47.88,"Mountain vegetation",19.5
-117.35,47.7,"Mountain vegetation",19.5
-117.18,47,"Mountain vegetation",24.5
-117.55,46.28,"Mountain vegetation",14.5
-117.57,46.23,"Mountain vegetation",33.5
-117.55,46.18,"Mountain vegetation",28.5
-117.52,46.13,"Mountain vegetation",29
-118.55,48.18,"Mountain vegetation",33.5
-119.95,48.68,"Mountain vegetation",24
-119.93,48.55,"Mountain vegetation",24
-119.93,48.55,"Mountain vegetation",24
-117.2,47,"Mountain vegetation",29
-132.27,68.93,"Forest-Tundra",36.5
-131.77,69.03,"Forest-Tundra",33
-133.23,69.13,"Forest-Tundra",28.5
-132.92,69.28,"Forest-Tundra",28.5
-132.62,69.38,"Forest-Tundra",33
-132.85,69.43,"Forest-Tundra",33
-133.55,69.35,"Forest-Tundra",33
-132.52,68.18,"Boreal Forest",28.5
-133.72,68.22,"Boreal Forest",24
-134.73,69.27,"Forest-Tundra",37.5
-134.57,69.33,"Forest-Tundra",28.5
-134.45,69.38,"Forest-Tundra",37.5
-134.42,69.57,"Forest-Tundra",37.5
-134.05,69.53,"Forest-Tundra",33
-132.38,68.42,"Boreal Forest",28.5
-133.25,69.17,"Forest-Tundra",33
-133.75,69.28,"Forest-Tundra",33
-131.57,69.6,"Forest-Tundra",33
-132.47,68.32,"Boreal Forest",33
-138.28,68.32,"Boreal Forest",28.5
-129,69.07,"Forest-Tundra",33
-130.15,69.15,"Forest-Tundra",33
-131.63,68.2,"Boreal Forest",33
-128.75,69.42,"Forest-Tundra",24
-129.38,69.68,"Forest-Tundra",33
-130.92,69.68,"Forest-Tundra",42.5
-131.58,69.37,"Forest-Tundra",33
-131.23,68.43,"Boreal Forest",24
-131.18,68.58,"Forest-Tundra",24
-130.28,68.98,"Forest-Tundra",37.5
-128.93,68.8,"Forest-Tundra",23.5
-130.42,69.95,"Forest-Tundra",28.5
-135.7,66.03,"Boreal Forest",28.5
-135.65,66.05,"Boreal Forest",33
-121.617,48.233,"Coastal",28.5
-122.561,49.325,"Coastal",13.5
-68.07,46.8,"Conifer/Hardwood",32
-68.35,46.38,"Conifer/Hardwood",26
-68.33,46.55,"Conifer/Hardwood",39
-68.38,46.18,"Conifer/Hardwood",43.5
-68.72,46.13,"Conifer/Hardwood",42
-68.62,46.37,"Conifer/Hardwood",43.5
-68.88,46.63,"Conifer/Hardwood",31
-68.85,46.95,"Conifer/Hardwood",26
-68.53,46.93,"Conifer/Hardwood",26
-68.32,47.28,"Conifer/Hardwood",34.5
-68.63,46,"Conifer/Hardwood",43.5
-68.37,45.8,"Conifer/Hardwood",38.5
-68.15,45.78,"Conifer/Hardwood",33.5
-68.13,45.55,"Conifer/Hardwood",43.5
-68.05,45.35,"Conifer/Hardwood",35
-67.8503,45.7668,"Conifer/Hardwood",35
-67.8,45.4,"Conifer/Hardwood",45
-67.63,45.2,"Conifer/Hardwood",49
-67.92,46,"Conifer/Hardwood",38.5
-67.53,46.95,"Conifer/Hardwood",34.5
-67.98,47.28,"Conifer/Hardwood",34.5
-67.63,46.58,"Conifer/Hardwood",35
-66.95,46.42,"Conifer/Hardwood",48.5
-67.17,46.18,"Conifer/Hardwood",38.5
-67.65,46.25,"Conifer/Hardwood",38.5
-67.72,46.02,"Conifer/Hardwood",38.5
-67.3,45.93,"Conifer/Hardwood",38.5
-67.03,46.05,"Conifer/Hardwood",38.5
-67.47,45.63,"Conifer/Hardwood",33.5
-67.02,45.73,"Conifer/Hardwood",39
-70.65,45.03,"Conifer/Hardwood",43.5
-69.93,45.25,"Conifer/Hardwood",43.5
-70.556,44.8962,"Conifer/Hardwood",32
-70.68,44.58,"Deciduous Forest",43.5
-70.25,44.58,"Deciduous Forest",52
-70.45,44.7,"Deciduous Forest",45.5
-70.4,44.47,"Deciduous Forest",52
-70.65,44.38,"Deciduous Forest",52
-70.62,44.2,"Deciduous Forest",48.5
-70.23,44.2,"Deciduous Forest",47.5
-70.35,43.98,"Deciduous Forest",48.5
-69.87,44.28,"Deciduous Forest",44
-69.67,44.1,"Deciduous Forest",48.5
-69.53,44.25,"Deciduous Forest",58
-69.62,44.38,"Deciduous Forest",48.5
-69.83,44.62,"Deciduous Forest",53.5
-69.57,44.53,"Deciduous Forest",48.5
-69.9,44.9,"Deciduous Forest",52
-69.98,45.12,"Conifer/Hardwood",39.5
-70.1,44.13,"Deciduous Forest",48.5
-70.08,44.72,"Deciduous Forest",53
-69.5,44.72,"Deciduous Forest",47
-69.8,44.42,"Deciduous Forest",47.5
-108.15,37.417,"Desert",38.5
-108.504,37.474,"Desert",33.5
-108.221,37.469,"Desert",38.5
-108.103,37.469,"Desert",47.5
-118.367,52.733,"Mountain vegetation",29.5
-117.083,52.783,"Mountain vegetation",19.5
-117.617,52.733,"Mountain vegetation",33.5
-118.1,52.867,"Mountain vegetation",20
-80.353,26.359,"Deciduous Forest",4.5
-80.366,26.359,"Deciduous Forest",19
-80.346,26.354,"Deciduous Forest",9.5
-80.34,26.351,"Deciduous Forest",4.5
-80.315,26.307,"Deciduous Forest",14.5
-80.314,26.314,"Deciduous Forest",9.5
-80.338,26.342,"Deciduous Forest",14.5
-80.369,26.325,"Deciduous Forest",9.5
-80.337,26.341,"Deciduous Forest",4.5
-80.373,26.313,"Deciduous Forest",4.5
-80.378,26.334,"Deciduous Forest",14
-80.378,26.359,"Deciduous Forest",4.5
-80.304,26.331,"Deciduous Forest",22.5
-80.343,26.311,"Deciduous Forest",9.5
-76.6,44.517,"Deciduous Forest",33
-80.307,26.282,"Deciduous Forest",9.5
-99.23,47.13,"Prairies",28
-99.23,47.13,"Prairies",19
-99.37,46.9,"Prairies",24
-93.05,45.33,"Prairies",46
-90.42,48.05,"Conifer/Hardwood",33
-90.48,48.05,"Conifer/Hardwood",23.5
-90.43,48.05,"Conifer/Hardwood",28.5
-90.32,48.08,"Conifer/Hardwood",33
-90.47,48.05,"Conifer/Hardwood",33
-80.381,26.387,"Deciduous Forest",19
-80.485,25.869,"Deciduous Forest",19.5
-80.531,26.189,"Deciduous Forest",14.5
-80.483,25.008,"Deciduous Forest",24
-80.523,26.19,"Deciduous Forest",9.5
-80.609,26.17,"Deciduous Forest",28
-80.849,26.363,"Deciduous Forest",19.5
-81.87,29.3,"Deciduous Forest",10
-81.87,29.29,"Deciduous Forest",19.5
-81.87,29.3,"Deciduous Forest",19.5
-84.93,30.55,"Deciduous Forest",18.5
-91.32,49.47,"Conifer/Hardwood",33.5
-90.78,50.12,"Boreal Forest",28
-90.67,50.23,"Boreal Forest",18.5
-90.48,50.42,"Boreal Forest",23.5
-90.42,50.95,"Boreal Forest",18.5
-90.17,51.35,"Boreal Forest",15
-91.87,50.07,"Boreal Forest",28.5
-91.97,50.02,"Boreal Forest",46
-92.35,49.55,"Conifer/Hardwood",33
-91.2,49.25,"Conifer/Hardwood",24
-87.25,49.65,"Boreal Forest",23.5
-83.02,49.55,"Boreal Forest",28.5
-88.8,48.33,"-99",32.5
-65.95,49,"Conifer/Hardwood",33.5
-65.95,49,"Conifer/Hardwood",33.5
-71.117,47.4,"Conifer/Hardwood",28.5
-71.133,47.467,"Conifer/Hardwood",43.5
-71.25,47.55,"Conifer/Hardwood",37
-70.933,47.633,"Conifer/Hardwood",32
-70.917,47.633,"Conifer/Hardwood",32
-71.233,47.15,"Conifer/Hardwood",33.5
-71.433,47,"Conifer/Hardwood",40
-71.433,47,"Conifer/Hardwood",36.5
-71.183,47.4,"Conifer/Hardwood",40
-76.7,49.367,"Boreal Forest",19
-76.817,47.083,"Conifer/Hardwood",37
-71.4,47.767,"Conifer/Hardwood",37
-66.183,48.9,"Conifer/Hardwood",33.5
-66.183,48.9,"Conifer/Hardwood",28.5
-66.183,48.9,"Conifer/Hardwood",33.5
-71.667,48.267,"Boreal Forest",37
-70.976,47.597,"Conifer/Hardwood",29.5
-65.167,48.667,"Boreal Forest",23.5
-65.533,48.983,"Boreal Forest",27
-71.33,42.43,"Deciduous Forest",45
-89.9,46.25,"Conifer/Hardwood",41
-89.7,46.183,"Conifer/Hardwood",58
-88.8,45.32,"Deciduous Forest",54
-88.17,45.48,"Deciduous Forest",35
-87.62,45.7,"Deciduous Forest",58.5
-87.83,46.07,"Conifer/Hardwood",36
-87.53,46.3,"Conifer/Hardwood",49.5
-88.22,46.57,"Conifer/Hardwood",33
-88.45,46.57,"Conifer/Hardwood",22.5
-88.88,46.35,"Conifer/Hardwood",42
-88.88,46.15,"Conifer/Hardwood",41
-88.62,46.08,"Conifer/Hardwood",32
-89.07,46.18,"Conifer/Hardwood",53.5
-89.42,46.25,"Conifer/Hardwood",40.5
-89.95,46.48,"Conifer/Hardwood",50.5
-90.4,46.42,"Conifer/Hardwood",58.5
-90.58,46.28,"Conifer/Hardwood",49.5
-90.17,46.27,"Conifer/Hardwood",55
-89.97,46.15,"Conifer/Hardwood",36.5
-90.08,45.9,"Deciduous Forest",49.5
-90.63,46.15,"Conifer/Hardwood",39
-91.35,46.35,"Conifer/Hardwood",37.5
-91.8,46.22,"Conifer/Hardwood",37
-91.58,45.63,"Deciduous Forest",35.5
-91.47,45.82,"Deciduous Forest",24
-90.97,45.9,"Deciduous Forest",40.5
-90.3,45.6,"Deciduous Forest",44.5
-90.32,45.3,"Deciduous Forest",36
-87.87,43.85,"Prairies",48
-87.73,44.28,"Prairies",53
-89.7,45.57,"Deciduous Forest",50
-90.65,45.13,"Deciduous Forest",35
-92,45.57,"Deciduous Forest",31
-77.0289,41.4839,"Deciduous Forest",24.5
-76.37,40.83,"Deciduous Forest",36.5
-75.75,41.18,"Deciduous Forest",34.5
-73.82,43.55,"Deciduous Forest",52.5
-74.13,43.97,"Deciduous Forest",52
-73.7478,44.1392,"Conifer/Hardwood",29
-74.45,43.98,"Deciduous Forest",42.5
-74.25,44.45,"Conifer/Hardwood",48.5
-74.52,44.08,"Deciduous Forest",43.5
-74.3,43.38,"Deciduous Forest",42.5
-73.7,43.92,"Deciduous Forest",47
-71.17,44.8,"Conifer/Hardwood",40.5
-72.15,43.02,"Deciduous Forest",49
-72.2926,44.7037,"Conifer/Hardwood",39.5
-72.58,44.07,"Deciduous Forest",47.5
-73.0069,43.2753,"Deciduous Forest",52
-70.45,45.18,"Conifer/Hardwood",37.5
-68.02,46.62,"Conifer/Hardwood",50
-68.2,47.03,"Conifer/Hardwood",38
-68.47,46.77,"Conifer/Hardwood",31.5
-68.17,46.03,"Conifer/Hardwood",26.5
-68.62,45.63,"Conifer/Hardwood",45
-68.48,45.37,"Conifer/Hardwood",40.5
-70.03,44.23,"Deciduous Forest",44.5
-70.15,44.8,"Deciduous Forest",48.5
-74.23,43.98,"Deciduous Forest",44
-73.9657,44.1341,"Deciduous Forest",39
-74.28,44.4,"Conifer/Hardwood",47
-74.28,44.4,"Conifer/Hardwood",39
-74.87,44.1,"Deciduous Forest",47.5
-73.6,43.83,"Deciduous Forest",47.5
-73.9,44.33,"Conifer/Hardwood",42.5
-74.38,44.32,"Deciduous Forest",33.5
-74.85,44.1,"Deciduous Forest",43
-73.97,43.55,"Deciduous Forest",47.5
-73.73,43.65,"Deciduous Forest",43
-74.67,43.62,"Deciduous Forest",43.5
-74.25,44.03,"Deciduous Forest",47.5
-74.17,43.83,"Deciduous Forest",47.5
-74.37,44.32,"Deciduous Forest",43.5
-74.17,43.87,"Deciduous Forest",43
-73.7406,44.1433,"Conifer/Hardwood",53.5
-74.3,44.38,"Conifer/Hardwood",20.5
-73.7,43.83,"Deciduous Forest",39
-73.968,44.181,"Conifer/Hardwood",34
-74.12,43.83,"Deciduous Forest",35.5
-74.48,44.13,"Deciduous Forest",47.5
-73.9443,44.1309,"Conifer/Hardwood",35.5
-73.98,44.12,"Deciduous Forest",44
-74.58,44.58,"Conifer/Hardwood",47.5
-73.9358,44.1069,"Deciduous Forest",39
-74.15,44.25,"Conifer/Hardwood",39
-74.95,44.05,"Deciduous Forest",42.5
-73.98,44.12,"Deciduous Forest",42.5
-74.43,44.13,"Deciduous Forest",39
-74.3,44.43,"Conifer/Hardwood",42
-74.08,44.55,"Conifer/Hardwood",39
-74.97,44.15,"Deciduous Forest",51.5
-73.6,44.03,"Conifer/Hardwood",47.5
-74.15,44.27,"Conifer/Hardwood",39
-74.3,44.18,"Deciduous Forest",37.5
-73.73,44.12,"Conifer/Hardwood",39
-74.054,44.146,"Deciduous Forest",47.5
-74.22,44.03,"Deciduous Forest",47.5
-73.8263,44.0959,"Conifer/Hardwood",44
-73.87,44.52,"Conifer/Hardwood",47.5
-78.6,34.68,"Deciduous Forest",14.5
-101.5,40.67,"Prairies",17.5
-84.38,51.03,"Boreal Forest",23.5
-84.05,51.12,"Boreal Forest",19
-83.58,51.22,"Boreal Forest",24
-74.3679,42.0021,"Deciduous Forest",34
-74.3846,41.999,"Deciduous Forest",29
-74.3852,42.0334,"Deciduous Forest",21
-74.3744,42.0338,"Deciduous Forest",25.5
-84.05,51.12,"Boreal Forest",36
-80.6,49.07,"Boreal Forest",19
-80.7,49.22,"Boreal Forest",33.5
-82.2,50,"Boreal Forest",32.5
-85.72,49.8,"Boreal Forest",28.5
-79.5,44.6,"Deciduous Forest",47
-79.47,46.45,"Conifer/Hardwood",40.5
-79.28,44.95,"Deciduous Forest",52.5
-97.12,30.35,"Prairies",27.5
-97.25,30.1,"Prairies",24.5
-84.1,36.23,"Deciduous Forest",18.5
-83.8,35.6,"Deciduous Forest",23.5
-83.4727,35.5944,"Deciduous Forest",39.5
-83.32,35.55,"Deciduous Forest",26.5
-83.1815,35.5723,"Deciduous Forest",30.5
-82.18,35.63,"Deciduous Forest",27.5
-81.78,35.73,"Deciduous Forest",23.5
-81.47,35.72,"Deciduous Forest",20
-95.167,47.183,"Deciduous Forest",46
-80.775,34.167,"Deciduous Forest",24.5
-63.033,58.2,"Forest-Tundra",23.5
-63.883,56.633,"Boreal Forest",33
-89.63,46.02,"Conifer/Hardwood",32.5
-89.62,46,"Conifer/Hardwood",31
-64.92,45.65,"Conifer/Hardwood",35
-65.3,45.58,"Conifer/Hardwood",27
-65.58,45.58,"Conifer/Hardwood",36.5
-66.3,45.92,"Conifer/Hardwood",39.5
-66.87,45.78,"Conifer/Hardwood",39.5
-66.63,46.02,"Conifer/Hardwood",48.5
-67.03,46.05,"Conifer/Hardwood",43.5
-64.28,46.17,"Conifer/Hardwood",40.5
-65.23,46.35,"Conifer/Hardwood",31
-65.55,46.65,"Conifer/Hardwood",29.5
-65.85,47.08,"Conifer/Hardwood",26.5
-65.9,47.05,"Conifer/Hardwood",30.5
-65.42,47.62,"Conifer/Hardwood",35
-65.75,47.5,"Conifer/Hardwood",26.5
-66.22,47.57,"Conifer/Hardwood",23.5
-66.18,47.83,"Conifer/Hardwood",26.5
-66.62,47.92,"Conifer/Hardwood",30
-67.4,46.9,"Conifer/Hardwood",35
-68.75,47.33,"Conifer/Hardwood",30
-68.5,47.57,"Conifer/Hardwood",31.5
-66.9,47.42,"Conifer/Hardwood",28.5
-67.75,47.92,"Conifer/Hardwood",27
-129.017,60.033,"Boreal Forest",14
-87.921,46.833,"Conifer/Hardwood",39
-87.455,45.667,"Deciduous Forest",47
-86.958,46.47,"Conifer/Hardwood",47.5
-88.51,44.87,"Prairies",31.5
-88.85,44.98,"Deciduous Forest",35
-88.55,44.89,"Prairies",38
-88.6,44.89,"Prairies",39.5
-88.71,45.07,"Deciduous Forest",42
-88.52,44.88,"Prairies",38.5
-88.63,45.08,"Deciduous Forest",56.5
-88.57,44.98,"Deciduous Forest",31
-88.75,45.02,"Deciduous Forest",31.5
-88.53,44.94,"Deciduous Forest",48.5
-88.6,44.89,"Prairies",36
-88.63,44.98,"Deciduous Forest",44.5
-88.66,44.95,"Deciduous Forest",44.5
-88.58,45,"Deciduous Forest",40.5
-88.51,44.87,"Prairies",31.5
-88.51,44.89,"Prairies",40
-88.58,45,"Deciduous Forest",36
-88.7,45.09,"Deciduous Forest",43
-88.55,45,"Deciduous Forest",44.5
-88.82,45.03,"Deciduous Forest",35
-88.63,44.89,"Deciduous Forest",37
-88.52,44.9,"Prairies",40.5
-88.89,44.98,"Deciduous Forest",35
-88.5,44.99,"Deciduous Forest",40.5
-88.63,45.08,"Deciduous Forest",32.5
-88.61,45.1,"Deciduous Forest",38
-88.54,44.93,"Deciduous Forest",35
-88.62,45.11,"Deciduous Forest",34.5
-88.89,44.98,"Deciduous Forest",49.5
-88.89,44.98,"Deciduous Forest",49
-88.84,44.98,"Deciduous Forest",40.5
-88.66,44.88,"Prairies",33
-88.5,44.87,"Prairies",45.5
-88.52,45.09,"Deciduous Forest",47
-88.82,45.03,"Deciduous Forest",40
-88.54,44.89,"Prairies",40
-88.52,45.11,"Deciduous Forest",34
-88.51,45.09,"Deciduous Forest",38.5
-88.57,44.98,"Deciduous Forest",53.5
-88.58,44.91,"Deciduous Forest",36
-88.57,45.05,"Deciduous Forest",30
-88.64,44.98,"Deciduous Forest",36
-88.8,45,"Deciduous Forest",49
-88.96,45.06,"Deciduous Forest",30
-88.84,45.08,"Deciduous Forest",39
-88.88,45.11,"Deciduous Forest",44
-88.5,45.1,"Deciduous Forest",52.5
-88.56,44.89,"Prairies",35
-88.52,45.04,"Deciduous Forest",44
-88.6,44.95,"Deciduous Forest",39.5
-88.55,45.01,"Deciduous Forest",40.5
-88.75,45.07,"Deciduous Forest",41
-63.67,44.55,"Conifer/Hardwood",31
-63.55,45.38,"Conifer/Hardwood",31
-63.67,45.8,"Conifer/Hardwood",39
-64.47,45.4,"Conifer/Hardwood",29
-62.62,45.67,"Conifer/Hardwood",39
-61.83,45.62,"Conifer/Hardwood",39
-62.13,45.57,"Conifer/Hardwood",39
-61.12,45.87,"Conifer/Hardwood",35.5
-60.92,46.17,"Conifer/Hardwood",33.5
-60.97,46.27,"Conifer/Hardwood",35
-55.7,48.95,"Boreal Forest",23.5
-54.97,49.03,"Boreal Forest",19
-56.08,49.15,"Boreal Forest",28.5
-57.58,49.38,"Boreal Forest",18.5
-57.27,50.73,"Boreal Forest",23.5
-55.63,51.33,"Boreal Forest",28.5
-58.55,48.33,"Boreal Forest",31.5
-80.733,25.631,NA,14.5
-80.7,25.611,NA,19
-81.017,25.653,NA,32.5
-80.767,25.583,NA,14.5
-80.767,25.65,NA,19.5
-80.85,25.508,NA,19.5
-80.8,25.528,NA,24.5
-80.8,25.528,NA,14.5
-80.767,25.507,NA,14.5
-80.767,25.507,NA,19.5
-80.883,25.451,NA,9.5
-80.883,25.461,NA,9.5
-96.17,64.33,"Arctic",23.5
-102,66.5,"Arctic",33.5
-98.17,61.5,"Forest-Tundra",28.5
-101.25,54.25,"Boreal Forest",37.5
-82,49.17,"Boreal Forest",33
-86,49.75,"Boreal Forest",23.5
-65.1,58.43,"Forest-Tundra",28.5
-65.17,58.47,"Forest-Tundra",33
-71.251,44.247,"Deciduous Forest",22
-109.959,43.468,"Mountain vegetation",24
-109.941,43.45,"Mountain vegetation",33.5
-109.92,43.459,"Mountain vegetation",29
-109.939,43.472,"Mountain vegetation",29
-109.95,43.439,"Mountain vegetation",29
-108.833,36.006,"Desert",28.5
-108.811,35.982,"Desert",24
-74.371,44.309,"Deciduous Forest",30.5
-133.583,69.283,"Forest-Tundra",28.5
-132.167,69.117,"Forest-Tundra",28.5
-113.67,42.33,"Mountain vegetation",28
-113.67,42.33,"Mountain vegetation",28
-113.67,42.33,"Mountain vegetation",28
-113.67,42.33,"Mountain vegetation",23.5
-113.67,42.33,"Mountain vegetation",28
-113.67,42.33,"Mountain vegetation",23.5
-113.67,42.33,"Mountain vegetation",28
-113.67,42.33,"Mountain vegetation",28
-113.67,42.33,"Mountain vegetation",28
-113.67,42.33,"Mountain vegetation",28
-113.67,42.33,"Mountain vegetation",28
-113.67,42.33,"Mountain vegetation",28
-113.67,42.33,"Mountain vegetation",33
-113.67,42.33,"Mountain vegetation",33
-113.67,42.33,"Mountain vegetation",28
-113.67,42.33,"Mountain vegetation",28.5
-113.67,42.33,"Mountain vegetation",23.5
-113.67,42.33,"Mountain vegetation",23.5
-113.67,42.33,"Mountain vegetation",28
-113.67,42.33,"Mountain vegetation",23.5
-113.67,42.33,"Mountain vegetation",28
-113.67,42.33,"Mountain vegetation",28
-113.67,42.33,"Mountain vegetation",28
-113.67,42.33,"Mountain vegetation",23.5
-113.67,42.33,"Mountain vegetation",33
-113.67,42.33,"Mountain vegetation",28
-113.67,42.33,"Mountain vegetation",23.5
-113.67,42.33,"Mountain vegetation",28
-113.67,42.33,"Mountain vegetation",18.5
-113.67,42.33,"Mountain vegetation",18.5
-113.67,42.33,"Mountain vegetation",23.5
-113.67,42.33,"Mountain vegetation",28
-113.67,42.33,"Mountain vegetation",18.5
-113.67,42.33,"Mountain vegetation",23.5
-113.67,42.33,"Mountain vegetation",23.5
-107.81,37.81,"Desert",28.5
-107.61,37.8,"Desert",33.5
-107.78,37.84,"Desert",33
-107.78,37.84,"Desert",28.5
-107.7,37.71,"Desert",37.5
-107.61,37.81,"Desert",42.5
-107.78,37.7,"Desert",38
-107.7,37.71,"Desert",33.5
-107.7,37.73,"Desert",43
-107.7,37.74,"Desert",42.5
-107.7,37.72,"Desert",47.5
-107.68,37.75,"Desert",47.5
-107.68,37.75,"Desert",38
-107.68,37.75,"Desert",38
-107.68,37.75,"Desert",47.5
-107.68,37.75,"Desert",38
-107.78,37.68,"Desert",43
-107.78,37.67,"Desert",33.5
-107.77,37.7,"Desert",38
-107.78,37.65,"Desert",42.5
-107.81,37.65,"Desert",43
-107.81,37.65,"Desert",43
-107.81,37.65,"Desert",56
-107.81,37.65,"Desert",47.5
-107.81,37.65,"Desert",47.5
-107.75,37.75,"Desert",47.5
-107.81,37.55,"Desert",43
-107.77,37.42,"Desert",38
-107.82,37.53,"Desert",56
-107.81,37.53,"Desert",33.5
-107.81,37.48,"Desert",33.5
-119,38,"Desert",19
-119,38,"Desert",14
-119,38,"Desert",19
-119,38,"Desert",14
-119,38,"Desert",19
-119,38,"Desert",19
-120.25,38.75,"Mountain vegetation",22.5
-120.25,38.75,"Mountain vegetation",32.5
-120.25,38.75,"Mountain vegetation",33.5
-120.25,38.75,"Mountain vegetation",33.5
-120.25,38.75,"Mountain vegetation",29
-120.25,38.75,"Mountain vegetation",28.5
-120.25,38.75,"Mountain vegetation",14
-120.25,38.75,"Mountain vegetation",23.5
-120.25,38.75,"Mountain vegetation",23.5
-120.25,38.75,"Mountain vegetation",23
-120.25,38.75,"Mountain vegetation",19
-109.07,36.28,"Desert",28.5
-109.08,36.27,"Desert",28.5
-109.29,36.28,"Desert",23.5
-109.31,36.28,"Desert",28.5
-109.2,36.29,"Desert",28.5
-109.34,36.28,"Desert",28.5
-109.38,36.23,"Desert",23.5
-109.41,36.21,"Desert",23.5
-109.45,36.17,"Desert",19
-109.46,36.17,"Desert",28.5
-109.54,36.16,"Desert",23.5
-109,36.25,"Desert",23.5
-109,36.25,"Desert",19
-109,36.25,"Desert",23.5
-109,36.25,"Desert",23.5
-109,36.25,"Desert",19
-109,36.25,"Desert",23.5
-109,36.25,"Desert",23.5
-109,36.25,"Desert",23.5
-109,36.25,"Desert",28.5
-109,36.25,"Desert",23.5
-109,36.25,"Desert",23.5
-109,36.25,"Desert",24
-109,36.25,"Desert",28.5
-109,36.25,"Desert",23.5
-109,36.25,"Desert",23.5
-109,36.25,"Desert",18.5
-109,36.25,"Desert",23.5
-109,36.25,"Desert",28.5
-109,36.25,"Desert",43
-109,36.25,"Desert",24
-109,36.25,"Desert",28.5
-109,36.25,"Desert",29
-109,36.25,"Desert",33.5
-109,36.25,"Desert",24.5
-109,36.25,"Desert",24
-109,36.25,"Desert",24
-109,36.25,"Desert",29
-109,36.25,"Desert",24
-109,36.25,"Desert",43.5
-109,36.25,"Desert",19
-109,36.25,"Desert",24
-109,36.25,"Desert",19
-109,36.25,"Desert",19
-109,36.25,"Desert",24
-109,36.25,"Desert",28.5
-109,36.25,"Desert",24
-109,36.25,"Desert",29
-109,36.25,"Desert",14
-109,36.25,"Desert",14
-109,36.25,"Desert",39
-109,36.25,"Desert",24
-109,36.25,"Desert",24
-109,36.25,"Desert",23.5
-105.5,37.5,"Desert",19
-105.5,37.5,"Desert",28.5
-105.5,37.5,"Desert",42.5
-105.5,37.5,"Desert",28.5
-105.5,37.5,"Desert",28.5
-105.5,37.5,"Desert",33.5
-105.5,37.5,"Desert",33
-110,34,"Desert",33.5
-110,34,"Desert",19
-110,34,"Desert",19
-110,34,"Desert",19
-110,34,"Desert",24
-110,34,"Desert",9.5
-110,34,"Desert",14
-110,34,"Desert",19
-110,34,"Desert",19
-110,34,"Desert",14
-110,34,"Desert",14
-110,34,"Desert",9.5
-110,34,"Desert",19
-110,34,"Desert",9.5
-110,34,"Desert",28.5
-110,34,"Desert",19
-110,34,"Desert",19
-110,34,"Desert",14
-110,34,"Desert",23.5
-110,34,"Desert",19
-110,34,"Desert",24
-110,34,"Desert",28.5
-110,34,"Desert",19
-110,34,"Desert",14
-110,34,"Desert",24
-110,34,"Desert",19
-110,34,"Desert",19
-110,34,"Desert",24
-110,34,"Desert",19
-110,34,"Desert",19
-110,34,"Desert",14
-110,34,"Desert",19
-110,34,"Desert",24
-110,34,"Desert",24
-110,34,"Desert",23.5
-110,34,"Desert",23.5
-116.75,38.83,"Desert",23.5
-116.75,38.83,"Desert",23.5
-116.75,38.83,"Desert",23.5
-116.75,38.83,"Desert",23.5
-116.75,38.83,"Desert",18.5
-116.75,38.83,"Desert",23.5
-116.75,38.83,"Desert",23.5
-116.75,38.83,"Desert",18.5
-116.75,38.83,"Desert",18.5
-116.75,38.83,"Desert",23.5
-116.75,38.83,"Desert",23.5
-116.75,38.83,"Desert",18.5
-116.75,38.83,"Desert",14
-116.75,38.83,"Desert",23.5
-116.75,38.83,"Desert",23.5
-116.75,38.83,"Desert",23.5
-116.75,38.83,"Desert",18.5
-116.75,38.83,"Desert",18.5
-116.75,38.83,"Desert",23.5
-116.75,38.83,"Desert",14
-116.75,38.83,"Desert",18.5
-116.75,38.83,"Desert",23.5
-116.75,38.83,"Desert",18.5
-116.75,38.83,"Desert",18.5
-116.75,38.83,"Desert",18.5
-116.75,38.83,"Desert",18.5
-116.75,38.83,"Desert",18.5
-116.75,38.83,"Desert",23.5
-116.75,38.83,"Desert",23.5
-116.75,38.83,"Desert",18.5
-116.75,38.83,"Desert",23.5
-116.75,38.83,"Desert",18.5
-116.75,38.83,"Desert",23.5
-116.75,38.83,"Desert",23.5
-116.75,38.83,"Desert",18.5
-116.75,38.83,"Desert",19
-116.75,38.83,"Desert",18.5
-116.75,38.83,"Desert",18.5
-116.75,38.83,"Desert",18.5
-116.75,38.83,"Desert",18.5
-116.75,38.83,"Desert",18.5
-116.75,38.83,"Desert",18.5
-116.75,38.83,"Desert",23.5
-116.75,38.83,"Desert",23.5
-116.75,38.83,"Desert",23.5
-116.75,38.83,"Desert",18.5
-116.75,38.83,"Desert",23.5
-116.75,38.83,"Desert",23.5
-109.83,34.25,"Desert",28.5
-109.83,34.25,"Desert",28.5
-109.83,34.25,"Desert",23.5
-109.83,34.25,"Desert",28.5
-109.83,34.25,"Desert",28.5
-109.83,34.25,"Desert",24
-109.83,34.25,"Desert",28.5
-109.83,34.25,"Desert",23.5
-109.83,34.25,"Desert",23.5
-109.83,34.25,"Desert",23.5
-109.83,34.25,"Desert",23.5
-109.83,34.25,"Desert",23.5
-110,35,"Desert",19
-110,35,"Desert",24
-110,35,"Desert",19
-110,35,"Desert",19
-110,35,"Desert",19
-110,35,"Desert",19
-110,35,"Desert",24
-110,35,"Desert",24
-110,35,"Desert",19
-110,35,"Desert",19
-110,35,"Desert",19
-110,35,"Desert",24
-116,43,"Mountain vegetation",14
-116,43,"Mountain vegetation",19
-116,43,"Mountain vegetation",28.5
-110,32,"Desert",14.5
-110,32,"Desert",14
-110,32,"Desert",24
-110,32,"Desert",14.5
-110,32,"Desert",19
-110,32,"Desert",24.5
-110,32,"Desert",19.5
-111,32,"Desert",34
-111,32,"Desert",29
-111,32,"Desert",34
-112.67,43.5,"Mountain vegetation",19
-112.67,43.5,"Mountain vegetation",23.5
-112.67,43.5,"Mountain vegetation",23.5
-111.63,36.87,"Desert",33
-111.77,36.7,"Desert",38
-111.86,36.29,"Desert",37.5
-115.5,36.25,"Desert",28
-115.5,36.25,"Desert",33
-107.75,37.5,"Desert",38
-107.75,37.5,"Desert",38
-107.75,37.5,"Desert",28.5
-107.75,37.5,"Desert",28.5
-107.75,37.5,"Desert",28.5
-110.83,32,"Desert",14.5
-110.83,32,"Desert",9.5
-110.83,32,"Desert",9.5
-110.83,32,"Desert",9.5
-108.67,31.17,"Desert",19.5
-109.75,31.5,"Desert",14
-109.75,31.5,"Desert",14.5
-109.75,31.5,"Desert",14.5
-109.75,31.5,"Desert",14.5
-110.58,31.75,"Desert",19.5
-110.83,32,"Desert",19
-110.83,32,"Desert",18
-110.5,32,"Desert",14
-110.5,32,"Desert",23
-110,32.17,"Desert",19
-110.75,32.33,"Desert",14.5
-109.83,33.33,"Desert",19.5
-105.5,37.5,"Desert",38.5
-105,36,"Prairies",33.5
-105,36,"Prairies",38
-105,36,"Prairies",38
-105,36,"Prairies",28
-105,36,"Prairies",28
-105,36,"Prairies",33
-105,36,"Prairies",33.5
-105,36,"Prairies",28.5
-104,36,"Prairies",28.5
-104,36,"Prairies",33
-104,36,"Prairies",28.5
-103,36,"Prairies",33.5
-108.5,36.5,"Desert",23.5
-108.5,36.5,"Desert",23.5
-108.5,36.5,"Desert",28.5
-108.5,36.5,"Desert",23.5
-108.5,36.5,"Desert",28.5
-108.5,36.5,"Desert",23.5
-108.5,36.5,"Desert",28.5
-108.5,36.5,"Desert",28.5
-108.5,36.5,"Desert",23.5
-108.5,36.5,"Desert",23.5
-108.5,36.5,"Desert",28.5
-108.5,36.5,"Desert",28.5
-108.5,36.5,"Desert",23.5
-108.5,36.5,"Desert",23.5
-108.5,36.5,"Desert",23.5
-117.25,36.5,"Desert",18.5
-117.25,36.5,"Desert",18.5
-117.25,36.5,"Desert",18.5
-117.25,36.5,"Desert",14
-117.25,36.5,"Desert",14
-117.25,36.5,"Desert",14
-107.08,38.83,"Desert",34
-107.08,38.83,"Desert",33.5
-107.08,38.83,"Desert",38.5
-107.08,38.83,"Desert",33.5
-107.08,38.83,"Desert",38.5
-107.08,38.83,"Desert",24.5
-107.08,38.83,"Desert",33.5
-107.08,38.83,"Desert",33.5
-107.08,38.83,"Desert",24
-107.08,38.83,"Desert",34
-107.08,38.83,"Desert",38.5
-107.08,38.83,"Desert",28.5
-107.08,38.83,"Desert",24
-107.5,35.5,"Desert",23.5
-107.5,35.5,"Desert",23.5
-107.5,35.5,"Desert",23.5
-107.5,35.5,"Desert",23.5
-107.5,35.5,"Desert",23.5
-107.5,35.5,"Desert",19
-107.5,35.5,"Desert",23.5
-107.5,35.5,"Desert",23.5
-107.5,35.5,"Desert",23.5
-115.5,41.25,"Desert",18.5
-115.5,41.25,"Desert",18.5
-115.5,41.25,"Desert",18.5
-115.5,41.25,"Desert",18.5
-115.5,41.25,"Desert",18.5
-115.5,41.25,"Desert",18.5
-115.5,41.25,"Desert",18.5
-115.5,41.25,"Desert",18.5
-115.5,41.25,"Desert",18.5
-115.5,41.25,"Desert",18.5
-115.5,41.25,"Desert",18.5
-115.5,41.25,"Desert",18.5
-115.5,41.25,"Desert",18.5
-115.5,41.25,"Desert",18.5
-115.5,41.25,"Desert",18.5
-115.5,41.25,"Desert",18.5
-120,36,"Mediterranian",33.5
-120,36,"Mediterranian",33.5
-120,36,"Mediterranian",29
-120,36,"Mediterranian",19
-120,36,"Mediterranian",19
-120,36,"Mediterranian",19
-120,36,"Mediterranian",28.5
-120,36,"Mediterranian",14
-120,36,"Mediterranian",24
-120,36,"Mediterranian",24
-120,36,"Mediterranian",33.5
-120,36,"Mediterranian",33.5
-120,36,"Mediterranian",24
-120,36,"Mediterranian",28.5
-120,36,"Mediterranian",38.5
-120,36,"Mediterranian",28.5
-120,36,"Mediterranian",28.5
-119.78,37.68,"Mountain vegetation",19.5
-119.4,37.02,"Mountain vegetation",24
-119.72,37.73,"Mountain vegetation",24
-119.37,37.06,"Mountain vegetation",29
-119.75,37.74,"Mountain vegetation",24
-119.33,37.09,"Mountain vegetation",19
-119.78,37.75,"Mountain vegetation",19
-119.25,37.16,"Mountain vegetation",38.5
-119.72,37.8,"Mountain vegetation",14
-119.2,37.22,"Mountain vegetation",28.5
-119.08,37.63,"Mountain vegetation",24
-119.08,37.66,"Mountain vegetation",18.5
-119.08,37.66,"Mountain vegetation",18.5
-119.65,37.85,"Mountain vegetation",14
-119.65,37.85,"Mountain vegetation",14.5
-119.13,37.27,"Mountain vegetation",19
-119.51,37.81,"Mountain vegetation",22.5
-119.37,37.87,"Mountain vegetation",18.5
-119.44,37.86,"Mountain vegetation",13.5
-119.51,37.9,"Mountain vegetation",32.5
-119.51,37.9,"Mountain vegetation",18
-119.4,37.29,"Mountain vegetation",14
-119.27,37.91,"Mountain vegetation",24
-119.27,37.91,"Mountain vegetation",28.5
-119.28,37.92,"Mountain vegetation",14.5
-119.28,37.92,"Mountain vegetation",24
-119.3,37.93,"Mountain vegetation",19
-119.25,37.94,"Mountain vegetation",33
-119.23,37.94,"Mountain vegetation",27
-119.02,37.61,"Mountain vegetation",18
-119.02,37.61,"Mountain vegetation",23
-119.05,37.66,"Mountain vegetation",32
-119.05,37.66,"Mountain vegetation",13.5
-119,37.65,"Mountain vegetation",18.5
-118.98,37.65,"Mountain vegetation",14
-119.18,37.94,"Mountain vegetation",19
-119.12,37.94,"Mountain vegetation",18.5
-118.64,37.54,"Desert",14.5
-112.25,36.25,"Desert",28.5
-112.25,36.25,"Desert",19
-112.25,36.25,"Desert",38
-112.25,36.25,"Desert",28.5
-112.25,36.25,"Desert",36.5
-112.25,36.25,"Desert",33
-112.25,36.25,"Desert",43
-112.25,36.25,"Desert",33
-108,34,"Desert",24
-108,34,"Desert",19.5
-108,34,"Desert",23.5
-108,34,"Desert",33.5
-108,34,"Desert",33
-104,37,"Prairies",23.5
-104,37,"Prairies",23.5
-104,37,"Prairies",14
-104,37,"Prairies",19
-104,37,"Prairies",19
-104,37,"Prairies",19
-104,37,"Prairies",19
-104,37,"Prairies",23.5
-104,37,"Prairies",23.5
-104,37,"Prairies",14
-104,37,"Prairies",14
-104,37,"Prairies",14
-104,37,"Prairies",14
-106.25,35.75,"Desert",33
-106.25,35.75,"Desert",28
-106.25,35.75,"Desert",38
-106.25,35.75,"Desert",33
-106.25,35.75,"Desert",23.5
-119.25,37.75,"Mountain vegetation",29
-119.25,37.75,"Mountain vegetation",24
-119.25,37.75,"Mountain vegetation",24
-119.25,37.75,"Mountain vegetation",19
-119.25,37.75,"Mountain vegetation",19.5
-119.25,37.75,"Mountain vegetation",28.5
-119.25,37.75,"Mountain vegetation",24
-119.25,37.75,"Mountain vegetation",24
-119.25,37.75,"Mountain vegetation",23.5
-119.25,37.75,"Mountain vegetation",14.5
-119.25,37.75,"Mountain vegetation",37.5
-119.25,37.75,"Mountain vegetation",33
-119.25,37.75,"Mountain vegetation",28.5
-119.25,37.75,"Mountain vegetation",18.5
-119.25,37.75,"Mountain vegetation",19
-119.25,37.75,"Mountain vegetation",14
-111.25,32.33,"Desert",14
-109.5,34,"Desert",14.5
-109.55,42.3,"Mountain vegetation",19
-101.35,45.067,"Prairies",22.5
-98.75,44.9,"Prairies",22.5
-98.583,47.1,"Prairies",45.5
-98.75,48.017,"Prairies",37.5
-105.317,55.05,"Boreal Forest",23.5
-95.367,47.15,"Deciduous Forest",50.5
-92.617,46.633,"Conifer/Hardwood",45
-92.433,47.467,"Conifer/Hardwood",38.5
-91.867,47.917,"Conifer/Hardwood",37.5
-95.317,49.2,"Deciduous Forest",40
-99.583,49.833,"Prairies",47.5
-95.25,49.683,"Boreal Forest",36.5
-99.583,49.333,"Prairies",54.5
-95,63.5,"Forest-Tundra",28.5
-97.167,62.5,"Forest-Tundra",28.5
-96,60.5,"Forest-Tundra",28.5
-100.083,61.5,"Forest-Tundra",28.5
-99.333,61.5,"Forest-Tundra",29
-101.54,59.41,"Boreal Forest",33
-103.25,54.69,"Boreal Forest",33
-102.946,54.7471,"Boreal Forest",23.5
-102.946,54.7471,"Boreal Forest",33
-102.946,54.7471,"Boreal Forest",28
-102.946,54.7471,"Boreal Forest",28
-102.946,54.7471,"Boreal Forest",28
-102.946,54.7471,"Boreal Forest",28
-102.946,54.7471,"Boreal Forest",32.5
-95.083,51.25,"Boreal Forest",28.5
-102.671,53.7286,"Boreal Forest",42.5
-102.671,53.7286,"Boreal Forest",42.5
-102.671,53.7286,"Boreal Forest",42.5
-102.671,53.7286,"Boreal Forest",42.5
-102.671,53.7286,"Boreal Forest",42.5
-102.671,53.7286,"Boreal Forest",42.5
-102.671,53.7286,"Boreal Forest",42.5
-101.005,51.73,"Prairies",46
-101.005,51.73,"Prairies",33
-107.27,54.73,"Boreal Forest",23.5
-103.89,50.78,"Prairies",46
-105.41,50.59,"Prairies",37
-105.21,51.08,"Prairies",42
-98.667,55.5,"Boreal Forest",33.5
-96.5,54.667,"Boreal Forest",42.5
-93.717,51.167,"Boreal Forest",23.5
-93.867,51,"Boreal Forest",23.5
-92.567,51.067,"Boreal Forest",23.5
-92.367,51.467,"Boreal Forest",37.5
-91.083,45.067,"Deciduous Forest",44.5
-91.317,45.417,"Deciduous Forest",59
-91.5,45.433,"Deciduous Forest",41.5
-89.683,46.033,"Conifer/Hardwood",45
-89.167,46.033,"Deciduous Forest",42
-88.133,45.917,"Deciduous Forest",46
-88.333,45.783,"Deciduous Forest",40.5
-89.35,45.6,"Deciduous Forest",42
-89.017,45.483,"Deciduous Forest",40.5
-89.25,45.417,"Deciduous Forest",44.5
-89.083,45.017,"Deciduous Forest",49
-89.267,44.883,"Deciduous Forest",49.5
-88.683,44.683,"Prairies",42.5
-87.933,46.867,"Conifer/Hardwood",49
-87.9,46.85,"Conifer/Hardwood",45
-87.833,46.85,"Conifer/Hardwood",40
-87.917,46.833,"Conifer/Hardwood",41
-88,46.783,"Conifer/Hardwood",39
-87.917,46.767,"Conifer/Hardwood",37
-87.933,46.767,"Conifer/Hardwood",29
-87.967,46.75,"Conifer/Hardwood",58.5
-87.95,46.75,"Conifer/Hardwood",38
-87.933,46.75,"Conifer/Hardwood",42
-87.933,46.75,"Conifer/Hardwood",36
-87.967,46.75,"Conifer/Hardwood",49.5
-87.933,46.733,"Conifer/Hardwood",46
-87.967,46.717,"Conifer/Hardwood",33.5
-88.083,46.733,"Conifer/Hardwood",58
-87.85,46.7,"Conifer/Hardwood",29
-87.983,46.683,"Conifer/Hardwood",46.5
-88.017,46.667,"Conifer/Hardwood",49
-88.05,46.617,"Conifer/Hardwood",41.5
-88,46.6,"Conifer/Hardwood",36.5
-87.917,46.75,"Conifer/Hardwood",33.5
-84.7,45.617,"Conifer/Hardwood",52.5
-84.733,45.3,"Conifer/Hardwood",38
-83.95,45.283,"Conifer/Hardwood",39.5
-83.467,45.317,"Conifer/Hardwood",44.5
-84.7,45.05,"Conifer/Hardwood",52.5
-84.3,44.983,"Conifer/Hardwood",42.5
-84.15,45.083,"Conifer/Hardwood",36
-83.8,44.933,"Conifer/Hardwood",47
-85.167,44.633,"Conifer/Hardwood",42.5
-84.6,44.767,"Conifer/Hardwood",47
-84.1,44.733,"Conifer/Hardwood",42.5
-83.4,44.683,"Conifer/Hardwood",34.5
-86,44.433,"Conifer/Hardwood",47
-85.333,44.317,"Conifer/Hardwood",42.5
-83.967,44.417,"Conifer/Hardwood",48.5
-85.833,43.85,"Conifer/Hardwood",38
-84.183,44,"Conifer/Hardwood",37
-83.167,43.983,"Conifer/Hardwood",38
-85.4,43.683,"Conifer/Hardwood",42.5
-84.833,43.467,"Conifer/Hardwood",43
-83.933,43.733,"-99",48
-84.833,43.167,"Deciduous Forest",30
-93.733,49.65,"Conifer/Hardwood",33
-79.833,47.333,"Conifer/Hardwood",22.5
-80.633,48.95,"Boreal Forest",33
-79.717,46.633,"Conifer/Hardwood",28.5
-79.8,46.867,"Conifer/Hardwood",28
-80,46.767,"Conifer/Hardwood",33
-80,46.767,"Conifer/Hardwood",19
-80,46.767,"Conifer/Hardwood",13.5
-80.333,47.117,"Conifer/Hardwood",27.5
-80.333,47.117,"Conifer/Hardwood",32.5
-80,47.233,"Conifer/Hardwood",34.5
-80,47.233,"Conifer/Hardwood",28
-80,47.233,"Conifer/Hardwood",31
-80,47.233,"Conifer/Hardwood",23
-80.5,47.5,"Conifer/Hardwood",23
-60.433,46.05,"Conifer/Hardwood",36.5
-60.383,46.067,"Conifer/Hardwood",30.5
-68.8,46.15,"Conifer/Hardwood",46
-76.133,46.767,"Conifer/Hardwood",23.5
-66.9,47.417,"Conifer/Hardwood",33
-70.467,52.55,"Boreal Forest",33
-70.95,53.133,"Boreal Forest",24
-69.033,53.85,"Boreal Forest",19
-66.9,54.767,"Boreal Forest",14
-66.733,54.8,"Boreal Forest",19
-68.817,55.117,"Boreal Forest",28.5
-65.717,55.383,"Boreal Forest",33.5
-64.733,56.383,"Forest-Tundra",28.5
-65.483,57.483,"Forest-Tundra",29
-68.467,58.15,"Boreal Forest",33.5
-64.467,56.3,"Forest-Tundra",24
-63.567,58.367,"Forest-Tundra",24
-64.967,58.817,"Forest-Tundra",33.5
-70.05,58.967,"Boreal Forest",33.5
-75.5,62.167,"Arctic",33.5
-76.767,43.083,"Deciduous Forest",21.5
-80.5338,37.3602,"Deciduous Forest",19
-79,37.983,"Deciduous Forest",22.5
-79.067,38,"Deciduous Forest",19
-76.533,47.083,"Conifer/Hardwood",23.5
-77.283,47.717,"Conifer/Hardwood",23.5
-77.367,47.933,"Conifer/Hardwood",23.5
-78.1,48.317,"Boreal Forest",37.5
-78.183,48.583,"Boreal Forest",28.5
-79.017,48.583,"Boreal Forest",19
-78.533,48.65,"Boreal Forest",30
-66.033,48.7,"Boreal Forest",23.5
-66.033,48.8,"Boreal Forest",28
-68.933,48.883,"Boreal Forest",33.5
-79.083,49.017,"Boreal Forest",28.5
-68.467,49.35,"Boreal Forest",23.5
-67.6,49.367,"Boreal Forest",36.5
-68.25,49.683,"Boreal Forest",23.5
-68.183,50.033,"Boreal Forest",28.5
-66.3,50.317,"Boreal Forest",40
-68.817,50.367,"Boreal Forest",23.5
-68.833,50.65,"Boreal Forest",27
-68.85,50.983,"Boreal Forest",23.5
-65.933,52.533,"Boreal Forest",24
-65.867,52.6,"Boreal Forest",24
-68.25,44.367,"Deciduous Forest",49.5
-68.25,44.367,"Deciduous Forest",31.5
-63.65,44.55,"Conifer/Hardwood",42.5
-71.85,44.8,"Conifer/Hardwood",35
-72.15,44.867,"Conifer/Hardwood",47.5
-68.133,44.967,"Conifer/Hardwood",44.5
-68.133,44.967,"Conifer/Hardwood",40
-60.783,45.65,"Conifer/Hardwood",30.5
-80.05,36.78,"Deciduous Forest",24
-77.467,38.533,"Deciduous Forest",31.5
-72.33,42.5,"Deciduous Forest",40
-81.1,37.617,"Deciduous Forest",27.5
-69.717,44.55,"Deciduous Forest",56.5
-68.683,45.05,"Conifer/Hardwood",44
-81.867,29.3,"Deciduous Forest",21.5
-67.133,44.717,"Conifer/Hardwood",24
-74.5,39.717,"Deciduous Forest",25
-87.967,46.5,"Conifer/Hardwood",40
-91.717,46.5,"Conifer/Hardwood",45
-92.75,51.217,"Boreal Forest",33
-93.967,51.033,"Boreal Forest",28.5
-93.85,51,"Boreal Forest",28.5
-93.867,51,"Boreal Forest",28
-93.767,50.933,"Boreal Forest",38
-77.133,50.033,"Boreal Forest",28.5
-77.65,50.917,"Boreal Forest",33.5
-77.683,53.567,"Boreal Forest",19
-79.033,53.8,"Boreal Forest",19.5
-71.033,47.617,"Conifer/Hardwood",33.5
-70.9,47.633,"Conifer/Hardwood",33.5
-70.9,47.633,"Conifer/Hardwood",37
-71.233,47.65,"Conifer/Hardwood",37
-64.567,53.967,"Boreal Forest",19
-65.033,53.817,"Boreal Forest",23.5
-64.467,53.6,"Boreal Forest",19
-64.633,53.483,"Boreal Forest",19
-64.75,53.417,"Boreal Forest",19
-64.3,53.6,"Boreal Forest",23.5
-63.883,53.55,"Boreal Forest",23.5
-63.65,53.65,"Boreal Forest",23.5
-63.5,53.717,"Boreal Forest",19
-81.467,50.2,"Boreal Forest",23.5
-82.917,50.267,"Boreal Forest",23.5
-81.867,51.2,"Boreal Forest",23.5
-65.467,66.517,"Arctic",14.5
-65.05,66.683,"Arctic",14.5
-77.767,55.283,"Forest-Tundra",28.5
-77.767,55.283,"Forest-Tundra",28.5
-77.767,55.283,"Forest-Tundra",19
-77.767,55.283,"Forest-Tundra",33
-77.767,55.283,"Forest-Tundra",33.5
-65.717,66.133,"Arctic",19.5
-68.483,63.733,"Arctic",14.5
-68.483,63.733,"Arctic",28.5
-68.3,58.233,"Boreal Forest",28.5
-68.3,58.233,"Boreal Forest",23.5
-68.3,58.233,"Boreal Forest",27
-72.067,58.233,"Boreal Forest",24
-71.083,58.217,"Boreal Forest",24
-71.95,58.217,"Boreal Forest",24
-71.933,58.233,"Boreal Forest",19
-72.017,58.283,"Boreal Forest",24
-72.05,58.267,"Boreal Forest",24
-71.933,58.05,"Forest-Tundra",33
-71.65,57.667,"Forest-Tundra",24
-71.8,57.317,"Boreal Forest",19
-71.9,58.467,"Boreal Forest",19
-71.933,58.7,"Boreal Forest",28.5
-71.717,58.867,"Boreal Forest",28.5
-71.717,58.867,"Boreal Forest",28.5
-70.75,58.483,"Boreal Forest",28.5
-70.2,58.75,"Boreal Forest",33
-69.917,59.183,"Boreal Forest",33
-69.883,59.783,"Forest-Tundra",28.5
-70.767,60.617,"Forest-Tundra",28.5
-75.833,40.067,"Deciduous Forest",45
-75.483,40.333,"Deciduous Forest",31.5
-75.45,42.017,"Deciduous Forest",31.5
-74.05,42.2,"Deciduous Forest",52.5
-74.5,43.433,"Deciduous Forest",47.5
-66.967,47.033,"Conifer/Hardwood",31
-70.4,44.867,"Deciduous Forest",48.5
-81.35,27.206,"Deciduous Forest",14.5
-94.2,31.817,"Prairies",27
-84.867,47.883,"Conifer/Hardwood",23.5
-94.55,46.267,"Deciduous Forest",42
-84.867,47.9,"Conifer/Hardwood",33
-74.017,43.75,"Deciduous Forest",38
-99.917,48.083,"Prairies",37.5
-58.55,53.233,"Boreal Forest",23.5
-78.633,45.8,"Conifer/Hardwood",48.5
-79.117,47.283,"Conifer/Hardwood",24
-72.767,47.467,"Conifer/Hardwood",44.5
-64.7,56.667,"Forest-Tundra",24
-74.4,46.172,"Conifer/Hardwood",32
-67.117,50.13,"Boreal Forest",18.5
-63.65,44.57,"Conifer/Hardwood",40
-73.867,45.961,"Conifer/Hardwood",42
-72.15,48.295,"Boreal Forest",33.5
-74.367,45.945,"Conifer/Hardwood",40
-70.633,45.62,"Conifer/Hardwood",31.5
-68.9,46.083,"Conifer/Hardwood",33.5
-65.55,46.667,"Conifer/Hardwood",44
-67.65,46.583,"Conifer/Hardwood",30
-67.95,46.417,"Conifer/Hardwood",30.5
-68.95,47.4,"Conifer/Hardwood",26.5
-100.883,61.133,"Forest-Tundra",33.5
-97.75,63.283,"Forest-Tundra",29
-96,64.3,"Arctic",38
-91.367,66.9,"Arctic",33.5
-83.25,68.533,"Arctic",14.5
-68.333,70.5,"Arctic",14.5
-63.883,59.55,"Arctic",33
-64.183,59.467,"Arctic",28.5
-63.067,58.2,"Forest-Tundra",28.5
-63.75,58.633,"Arctic",28.5
-64.033,58.367,"Forest-Tundra",28.5
-64.117,59.183,"Arctic",28.5
-63.95,58.267,"Forest-Tundra",28.5
-62.567,57.917,"Forest-Tundra",28.5
-68.417,58.083,"Boreal Forest",28.5
-63.55,58.367,"Forest-Tundra",28.5
-65.25,57.5,"Forest-Tundra",23.5
-65.767,58.183,"Forest-Tundra",19
-65.383,58.683,"Forest-Tundra",28.5
-73.1495,42.2843,"Deciduous Forest",52.5
-73.3188,42.3351,"Deciduous Forest",48
-119.55,49.03,"Mountain vegetation",24
-132.12,54.85,"Coastal",24
-118.07,52.88,"Mountain vegetation",15
-113.25,53.57,"Prairies",33
-112.95,52.77,"Prairies",38.5
-111.85,52.2,"Prairies",34
-113.15,53.97,"Boreal Forest",33
-113.88,52.18,"Prairies",37.5
-113.32,52.9,"Prairies",34
-113.98,51.8,"Prairies",42.5
-113.53,50.1,"Prairies",19
-113.38,49.73,"Prairies",33.5
-113.25,50.58,"Prairies",43
-114.17,51.12,"Prairies",47.5
-113.42,51.38,"Prairies",47
-111.92,51.63,"Prairies",33.5
-111.05,51.48,"Prairies",28.5
-115.42,53,"Boreal Forest",20
-115.88,52.98,"Boreal Forest",15
-116.63,53.98,"Boreal Forest",25
-118.08,53.03,"Mountain vegetation",20
-116.73,53.57,"Boreal Forest",20
-115.67,53.62,"Boreal Forest",43
-114.55,51.22,"Prairies",34
-115.13,50.7,"Mountain vegetation",24.5
-115,50.6,"Prairies",20
-114.58,49.73,"Prairies",24.5
-113.93,49.52,"Prairies",29.5
-113.52,49.45,"Prairies",34
-113.48,51.05,"Prairies",33.5
-112.67,50.83,"Prairies",43
-112.23,50.7,"Prairies",34
-111.57,50.45,"Prairies",33.5
-110.62,50.03,"Prairies",33.5
-110.12,49.65,"Prairies",29.5
-109.73,49.65,"Prairies",33.5
-110.6,49.48,"Prairies",29
-111.45,49.47,"Prairies",29
-112.18,49.6,"Prairies",40.5
-113.08,49.83,"Prairies",19.5
-115.37,54.07,"Boreal Forest",29.5
-116.37,54.3,"Boreal Forest",33.5
-117.08,54.67,"Boreal Forest",37.5
-118.62,55.23,"Boreal Forest",29.5
-117.23,55.45,"Boreal Forest",29.5
-115.63,55.32,"Boreal Forest",29.5
-113.53,49.15,"Mountain vegetation",33
-114.43,50.13,"Prairies",29
-115,51.12,"Mountain vegetation",25
-113.25,51.95,"Prairies",38
-112.08,53.48,"Prairies",38.5
-111.1,53.33,"Prairies",33.5
-108.8,52.97,"Prairies",38.5
-108.33,52.77,"Prairies",47
-107.35,52.43,"Prairies",38.5
-106.82,52.35,"Prairies",38.5
-106.38,51.52,"Prairies",33.5
-105.63,50.9,"Prairies",29
-110.42,51.73,"Prairies",29
-117.2,52.9,"Mountain vegetation",29.5
-114.15,53.22,"Prairies",41.5
-117.57,53.4,"Mountain vegetation",28.5
-117.47,55.07,"Boreal Forest",28.5
-112.25,51.4,"Prairies",38.5
-119.5,50.27,"Mountain vegetation",20
-126.53,49.38,"Coastal",28.5
-115.7,50.14,"Mountain vegetation",19.5
-115.7,49.82,"Mountain vegetation",20
-115.26,49.68,"Mountain vegetation",15
-116,50.68,"Mountain vegetation",15
-116.98,49.68,"Mountain vegetation",10
-116.96,50.39,"Mountain vegetation",28.5
-116.35,50.87,"Mountain vegetation",24.5
-116.39,50.87,"Mountain vegetation",15
-122.65,49.28,"Coastal",23.5
-122.6,49.3,"Coastal",18
-130.3,54.35,"Coastal",29
-129.47,53.45,"Coastal",19
-127.916,50.85,"Coastal",23.5
-127.9167,50.85,"Coastal",33.5
-127.4167,50.7333,"Coastal",28.5
-126.43,50.56,"Coastal",33.5
-129.58,54.47,"Coastal",36.5
-124.55,49.32,"Coastal",20
-128.58,54.72,"Mountain vegetation",13.5
-130.17,54.17,"Coastal",32
-127.37,54.37,"Mountain vegetation",15
-124.5,55.97,"Boreal Forest",24.5
-121.4,53.3,"Mountain vegetation",24.5
-119.85,51.75,"Mountain vegetation",19.5
-122.82,51.73,"Mountain vegetation",15
-127.38,50.68,"Coastal",33
-121.33,51.3,"Mountain vegetation",20
-121.25,50.62,"Mountain vegetation",33.5
-115.17,49.17,"Mountain vegetation",24.5
-121.17,56.25,"Boreal Forest",38
-132.12,54,"Coastal",28.5
-130.08,54.23,"Coastal",23.5
-130.0333,54.25,"Coastal",24
-128.28,52.48,"Coastal",28.5
-127.87,51.7,"Coastal",28.5
-104.78,40.97,"Desert",19
-119.5,49.24,"Mountain vegetation",42
-81.6,46.73,"Conifer/Hardwood",27
-80.78,46.62,"Conifer/Hardwood",37.5
-112,42.33,"Mountain vegetation",28.5
-112.48,54.73,"Boreal Forest",38
-119.57,49.27,"Mountain vegetation",38
-98.85,54.7,"Boreal Forest",14
-96.57,50.47,"-99",43
-100.37,51.27,"Prairies",54.5
-99.08,51.15,"Deciduous Forest",51
-100.8,51.6,"Prairies",46
-99.32,51.88,"Boreal Forest",47.5
-99.58,51.57,"Deciduous Forest",47.5
-97.52,49.94,"Prairies",50.5
-98.54,49.54,"Prairies",54.5
-103.42,43.15,"Prairies",19
-58.83,48.53,"Boreal Forest",42.5
-58.65,48.37,"Boreal Forest",28.5
-58.63,48.55,"Boreal Forest",28.5
-58.42,48.55,"Boreal Forest",42
-57.28,50.67,"Boreal Forest",28.5
-55.07,49.23,"Boreal Forest",23.5
-53.18,48.45,"Boreal Forest",28.5
-53.73,48.63,"Boreal Forest",23.5
-53.07,47.33,"Boreal Forest",28.5
-53.42,47.18,"Boreal Forest",24.5
-57.5,50.4,"Boreal Forest",28.5
-64.1,53.55,"Boreal Forest",9.5
-52.87,47.6,"Boreal Forest",24.5
-57.71,49.69,"Boreal Forest",29
-57.78,49.69,"Boreal Forest",33.5
-57.77,49.69,"Boreal Forest",33.5
-60.43,53.32,"Forest-Tundra",23.5
-58.55,48.53,"Boreal Forest",28.5
-53.52,47.4,"Boreal Forest",28.5
-52.63,47.52,"Boreal Forest",28.5
-53.5,47.75,"Boreal Forest",28.5
-53.62,46.87,"Boreal Forest",28.5
-53.23,47.32,"Boreal Forest",28.5
-127.75,65.52,"Boreal Forest",20
-128.57,65.68,"Boreal Forest",19
-127.05,65.22,"Boreal Forest",23.5
-127.18,65.2,"Boreal Forest",23.5
-121.23,61.08,"Boreal Forest",28.5
-114.45,62.47,"Boreal Forest",23.5
-96.25,63.67,"Forest-Tundra",38
-121.37,61.63,"Boreal Forest",24
-133.53,68.53,"Boreal Forest",33
-101.06,66.08,"Arctic",38
-100.95,61.25,"Forest-Tundra",23.5
-118.03,66.08,"-99",28.5
-127.12,65.13,"Boreal Forest",14
-126.33,65.58,"Boreal Forest",14
-122.67,61.8,"Boreal Forest",24
-97.35,67.37,"Arctic",29
-64.05,67.55,"Arctic",14.5
-90.5,79.42,"Arctic",14.5
-83.37,64.2,"Arctic",24
-133.53,68.32,"Boreal Forest",9
-96.25,63.67,"Forest-Tundra",38
-75.4404,42.582,"Deciduous Forest",42.5
-75.85,43.33,"Deciduous Forest",38
-81.46,44.06,"Deciduous Forest",43
-79.97,44.85,"Deciduous Forest",42.5
-78.3,45.02,"Deciduous Forest",37
-77.3,45.13,"Deciduous Forest",38
-80.71,46.05,"Deciduous Forest",19
-78.04,44.6,"Deciduous Forest",49
-77.85,45.18,"Deciduous Forest",52
-78.88,46.25,"Conifer/Hardwood",28.5
-76.5,44.83,"Deciduous Forest",41
-77.15,44.85,"Deciduous Forest",31.5
-80.27,43.42,"Deciduous Forest",35
-80.3,43.26,"Deciduous Forest",40
-80.65,51.27,"Boreal Forest",28.5
-80.38,43.28,"Deciduous Forest",40
-80.33,43.29,"Deciduous Forest",40
-80.13,43.42,"Deciduous Forest",31
-77.17,44.77,"Deciduous Forest",44
-77.17,44.78,"Deciduous Forest",39.5
-77.17,44.79,"Deciduous Forest",36
-77.13,44.82,"Deciduous Forest",34
-81.33,48.4,"Boreal Forest",28
-81.25,49.18,"Boreal Forest",28.5
-78.68,44.82,"Deciduous Forest",36.5
-77.82,45.07,"Deciduous Forest",48.5
-77.82,45.37,"Deciduous Forest",39
-79.44,45.89,"Conifer/Hardwood",42
-77.83,45.85,"Conifer/Hardwood",37
-81.87,45.7,"-99",35.5
-81.68,46.3,"Conifer/Hardwood",46.5
-80.8,46.3,"Conifer/Hardwood",28.5
-80.41,45.68,"Deciduous Forest",28
-80.16,45.55,"Deciduous Forest",40.5
-78.13,44.2,"Deciduous Forest",43
-82.77,46.52,"Conifer/Hardwood",36
-83.75,47.87,"Conifer/Hardwood",32
-83.13,46.97,"Conifer/Hardwood",22.5
-82.28,48.22,"Boreal Forest",28
-65.47,53.67,"Boreal Forest",28.5
-67.11,53.92,"Boreal Forest",18.5
-64.35,53.62,"Boreal Forest",23.5
-64.73,55.93,"Boreal Forest",24
-64.73,56.02,"Boreal Forest",27
-64.72,56.08,"Boreal Forest",19
-64.78,56.55,"Forest-Tundra",19
-64.87,56.78,"Forest-Tundra",24
-68.4,58.1,"Boreal Forest",33.5
-74.42,49.82,"Boreal Forest",23.5
-70.9,53.2,"Boreal Forest",24
-64.8,56.78,"Forest-Tundra",19
-77.68,46.28,"Conifer/Hardwood",26
-119.65,49.03,"Mountain vegetation",43
-103.38,45.82,"Prairies",33.5
-103.38,45.82,"Prairies",24
-103.88,44.42,"Prairies",41
-103.92,44.27,"Prairies",24
-102.05,45.03,"Prairies",19
-102.17,45.4,"Prairies",19
-119.72,49.32,"Mountain vegetation",42
-123.4189,47.3898,"Coastal",23
-122.37,48.98,"Coastal",38
-124.63,48.25,"Coastal",33.5
-124.05,46.3167,"Coastal",33.5
-123.6,47.6,"Coastal",23
-123.8,47.9,"Coastal",23.5
-123.8,47.9,"Coastal",23
-123.8,47.9,"Coastal",23
-123.8,47.9,"Coastal",28
-123.1,48.1,"Coastal",19.5
-121.55,48.45,"Coastal",32
-121.15,48.6,"Coastal",28
-120.75,48.5,"Mountain vegetation",33
-120.7,48.5,"Mountain vegetation",28.5
-120.65,48.52,"Mountain vegetation",32
-120.7,48.75,"Mountain vegetation",37.5
-120.68,48.73,"Mountain vegetation",37.5
-120.68,48.71,"Mountain vegetation",33
-120.6,47.25,"Mountain vegetation",32.5
-120.5,48.7,"Mountain vegetation",37.5
-120.5,48.5,"Mountain vegetation",28.5
-120.1,48.75,"Mountain vegetation",29
-121.1,47.25,"Coastal",38
-120.7,47.1,"Mountain vegetation",33
-120.7,47.8,"Mountain vegetation",28
-120.7,47.75,"Mountain vegetation",42.5
-120.7,47.7,"Mountain vegetation",32.5
-120.7,47.65,"Mountain vegetation",32.5
-120.68,47.6,"Mountain vegetation",32.5
-120.65,47.5,"Mountain vegetation",38
-120.1,48.5,"Mountain vegetation",33
-119.5,48.25,"Mountain vegetation",29
-119.35,47.9,"Mountain vegetation",33.5
-119.1,47.95,"Mountain vegetation",38
-117.52,46.12,"Mountain vegetation",33.5
-122.5,48.4,"Coastal",28
-83.53,51.22,"Boreal Forest",29
-104.12,44.83,"Prairies",24
-104.18,43.73,"Prairies",28.5
-104.27,43.33,"Prairies",24
-104.32,42.68,"Prairies",24
-104.32,42.3,"Prairies",23.5
-104.38,41.38,"Desert",28.5
-110.5,44.5,"Mountain vegetation",33
-110.6,44.11,"Mountain vegetation",38.5
-110.25,44.09,"Mountain vegetation",24
-110.1,44.05,"Mountain vegetation",33.5
-110.07,44.1,"Mountain vegetation",29
-110.15,44.15,"Mountain vegetation",33.5
-110.23,44.3,"Mountain vegetation",28.5
-110.23,44.3,"Mountain vegetation",38
-110.23,44.3,"Mountain vegetation",38
-110.8,44.6,"Mountain vegetation",24
-110.45,44.8,"Mountain vegetation",24
-110.45,44.8,"Mountain vegetation",43
-110.75,44.98,"Mountain vegetation",24
-110.76,44.98,"Mountain vegetation",38
-110.8,44.96,"Mountain vegetation",33.5
-110.8,44.7,"Mountain vegetation",29
-110.4,44.5,"Mountain vegetation",38
-110.1,44.45,"Mountain vegetation",19.5
-110.09,44.44,"Mountain vegetation",38
-110.07,44.41,"Mountain vegetation",28.5
-110.07,44.4,"Mountain vegetation",28.5
-110.6,44.4,"Mountain vegetation",19
-110.6,44.3,"Mountain vegetation",33.5
-110.62,44.12,"Mountain vegetation",37.5
-110.62,44.11,"Mountain vegetation",24
-110.05,44.36,"Mountain vegetation",33.5
-110.06,44.38,"Mountain vegetation",38
-110.25,44.29,"Mountain vegetation",33.5
-110.75,45.02,"Mountain vegetation",42.5
-137.57,58.6,"Coastal",28.5
-137.17,58.43,"Coastal",24
-135.08,58.07,"Coastal",24
-138,58.95,"Coastal",29
-136.15,58.2,"Coastal",24
-136.45,58.07,"Coastal",29
-133.9,56.6,"Coastal",33
-135.58,57.15,"Coastal",29
-133.7667,56.9,"Coastal",24
-137.75,58.72,"Coastal",28.5
-137.75,58.72,"Coastal",29
-134.533,58.366,"Coastal",29
-135.7,57.43,"Coastal",24
-134.25,57.65,"Coastal",24
-133.38,57.43,"Coastal",24
-133.15,56.3,"Coastal",24
-133.22,55.95,"Coastal",29
-132.72,55.5,"Coastal",24
-131.1,55.38,"Coastal",24
-130,58.42,"Boreal Forest",33.5
-124.2,41.8,"Coastal",43
-107.9,65.6,"Forest-Tundra",33.5
-112.7,66.07,"Forest-Tundra",33.5
-108.5,65.92,"Forest-Tundra",28.5
-109.17,62.72,"-99",24
-123.65,60.35,"Boreal Forest",38
-127.18,70.08,"Forest-Tundra",33.5
-122.78,63.14,"Boreal Forest",28.5
-124.12,63.41,"Boreal Forest",23.5
-127.12,63.41,"Boreal Forest",28.5
-124.29,63.51,"Boreal Forest",33.5
-110.79,63.06,"Boreal Forest",19
-124.1167,43.7833,"Coastal",19.5
-124.5149,42.7594,"Coastal",19.5
-124.0167,44.5167,"Coastal",24.5
-123.5,44.5167,"Coastal",19
-77.5,53.33,"Boreal Forest",33.5
-135.07,60.72,"Boreal Forest",10
-128.82,60.12,"Boreal Forest",20
-88.521,45.11,"Deciduous Forest",31
-91.983,45.183,"Deciduous Forest",41.5
-89.683,46.017,"Conifer/Hardwood",36.5
-89.683,46.017,"Conifer/Hardwood",44
-89.467,45.9,"Deciduous Forest",40.5
-89,46,"Deciduous Forest",37.5
-88.983,45.667,"Deciduous Forest",53.5
-89.25,45.483,"Deciduous Forest",41
-89.25,42.883,"Prairies",46.5
-73.567,42.6,"Deciduous Forest",33
-74.033,42.2,"Deciduous Forest",44
-74.767,41.933,"Deciduous Forest",29.5
-75.333,41.9,"Deciduous Forest",47.5
-73.9,40.95,"Deciduous Forest",37
-74.6036,42.0275,"Deciduous Forest",40.5
-97.126,30.352,"Prairies",23
-77.041,34.867,"Deciduous Forest",13.5
-84.5,47.75,"Conifer/Hardwood",32.5
-67.067,52.25,"Boreal Forest",23.5
-71.177,47.258,"Conifer/Hardwood",32
-66.217,51.4,"Boreal Forest",23.5
-105.733,53.233,"Prairies",37.5
-106.07,53.8,"Boreal Forest",37.5
-81.35,27.207,"Deciduous Forest",29
-73.301,45.987,"Conifer/Hardwood",32.5
-101.0419,56.8417,"Boreal Forest",24
-62.797,46.383,"Conifer/Hardwood",35
-85.25,45.233,"Conifer/Hardwood",42.5
-62.567,57.917,"Forest-Tundra",28.5
-65.167,58.467,"Forest-Tundra",24
-77.083,44.036,"Deciduous Forest",37.5
-78.333,44.333,"Deciduous Forest",38
-84.558,54.322,"Boreal Forest",24
-87.516,44.45,"Prairies",54.5
-81.417,45.15,"Deciduous Forest",32
-84.6,44.766,"Conifer/Hardwood",38
-99.95,50.733,"Prairies",37.5
-76.946,35.6,"Deciduous Forest",22
-91.45,45.3,"Deciduous Forest",40.5
-95.783,47.2,"Deciduous Forest",45
-87.95,46.75,"Conifer/Hardwood",33
-95,69.9,"Arctic",28.5
-95.0167,69.9333,"Arctic",38
-95.0167,69.8667,"Arctic",33.5
-94.9833,69.8667,"Arctic",38
-98.5833,75.05,"Arctic",33.5
-84.05,79.9725,"Arctic",18.5
-122.7,71.75,"Arctic",28.5
-120.6333,73.5333,"Arctic",28.5
-51.1333,69.2,"Arctic",13.5
-75.2833,55.1,"Boreal Forest",19
-75.25,55.1167,"Boreal Forest",19
-75.15,59.1417,"Forest-Tundra",23.5
-66.7667,54.7167,"Boreal Forest",19
-66.7667,54.7167,"Boreal Forest",19
-66.7667,54.7167,"Boreal Forest",23.5
-76.1467,57.7347,"Forest-Tundra",24
-133.3333,68.3667,"Boreal Forest",28.5
-135.7,66.0333,"Boreal Forest",28.5
-132.1667,69.25,"Forest-Tundra",28.5
-133.45,68.2667,"Boreal Forest",23.5
-138.2833,68.3167,"Boreal Forest",28.5
-133.1833,69.1167,"Forest-Tundra",28.5
-130.7667,67.2,"Boreal Forest",28.5
-131.0667,68.25,"Boreal Forest",28.5
-134.5833,69.4833,"Forest-Tundra",28.5
-130.75,67.25,"Boreal Forest",28.5
-134.1833,68.8,"Forest-Tundra",28.5
-133.4833,68.2667,"Boreal Forest",28.5
-112.1667,50.6167,"Prairies",38.5
-114.6667,51.9,"Prairies",33.5
-115.1667,52.4667,"Prairies",19
-115.1,51.0667,"Mountain vegetation",24.5
-119.1667,55.25,"Boreal Forest",28.5
-117.4167,58.75,"Boreal Forest",33.5
-120.1,62.9,"Boreal Forest",28.5
-115.9667,64.8333,"Boreal Forest",28
-116.75,55.25,"Boreal Forest",33.5
-111.5833,53.3333,"Prairies",42.5
-113,52.5833,"Prairies",42.5
-110.7167,52.0833,"Prairies",42.5
-111.9167,50.5833,"Prairies",33.5
-113.5,50.1667,"Prairies",28.5
-113,51,"Prairies",38.5
-113.8333,51.2,"Prairies",33.5
-129.4167,69.6167,"Forest-Tundra",33
-129.9667,69.6,"Forest-Tundra",28.5
-131,69.6333,"Forest-Tundra",38
-131.5,69.65,"Forest-Tundra",33
-130.4667,69.9667,"Forest-Tundra",28.5
-131.7,69.35,"Forest-Tundra",33
-133.1833,69.1167,"Forest-Tundra",28.5
-132.8833,69.25,"Forest-Tundra",24
-132.6167,69.3,"Forest-Tundra",33
-132.7833,69.3667,"Forest-Tundra",33
-133.1667,69.3333,"Forest-Tundra",24
-133.5,69.3167,"Forest-Tundra",33
-133.75,69.2833,"Forest-Tundra",33
-134.6833,69.25,"Forest-Tundra",28.5
-134.5,69.3333,"Forest-Tundra",28.5
-134.1667,69.35,"Forest-Tundra",33
-134.3667,69.4167,"Forest-Tundra",28.5
-134.3333,69.45,"Forest-Tundra",28.5
-134.3833,69.5667,"Forest-Tundra",33
-134,69.5333,"Forest-Tundra",28.5
-133.8667,69.45,"Forest-Tundra",28.5
-133.6167,68.9333,"Forest-Tundra",28.5
-133.4833,69.0333,"Forest-Tundra",28.5
-133.35,69.05,"Forest-Tundra",23.5
-133.8833,69.2167,"Forest-Tundra",33
-134.1833,69.1333,"Forest-Tundra",28.5
-134.2,68.8833,"Forest-Tundra",28
-128.75,69.4167,"Forest-Tundra",28.5
-133.5333,68.5,"Boreal Forest",24
-132.75,68.1,"Boreal Forest",28.5
-132.2,68.1333,"Boreal Forest",28.5
-129.0333,68.7833,"Forest-Tundra",28.5
-132.5833,68.3167,"Boreal Forest",28.5
-132.5,68.4,"Boreal Forest",28.5
-131.2833,68.4667,"Boreal Forest",24
-131,68.5667,"Forest-Tundra",28.5
-131.1833,68.6167,"Forest-Tundra",28.5
-126.45,69.2333,"Forest-Tundra",33
-126.2833,69.2333,"Forest-Tundra",33
-126.4333,69.1167,"Forest-Tundra",33
-126.5833,69.1167,"Forest-Tundra",33
-126.7667,69.1333,"Forest-Tundra",33
-127.7667,69.5667,"Forest-Tundra",33
-123.7,69.2,"Forest-Tundra",28.5
-123.6833,69.1833,"Forest-Tundra",28.5
-123.7833,69.15,"Forest-Tundra",28.5
-123.9333,69.2,"Forest-Tundra",28.5
-124.2333,69.1833,"Forest-Tundra",33
-124.4,69.1667,"Forest-Tundra",33
-124.55,69.15,"Forest-Tundra",33
-124.9333,69.15,"Forest-Tundra",33
-125.2167,69.1167,"Forest-Tundra",33
-125.1,69.2167,"Forest-Tundra",33
-135.65,66.05,"Boreal Forest",23.5
-102.27,57.23,"Boreal Forest",15
-101.85,54.73,"Boreal Forest",42.5
-100.9,51.65,"Prairies",42.5
-99.71,53.03,"Boreal Forest",42.5
-99.65,50.71,"Prairies",42.5
-99.28,49.43,"Prairies",41.5
-99.25,49.58,"Prairies",52
-97.96,56.35,"Boreal Forest",28
-65.5938,66.5146,"Arctic",28
-72.0118,66.4953,"Arctic",24.5
-69.1608,66.1827,"Arctic",38
-68.296,65.0038,"Arctic",38
-77.5928,64.859,"Arctic",38
-77.8165,63.3808,"Arctic",41.5
-68.2358,62.5133,"Arctic",47
-65.1157,61.6758,"Arctic",38
-61.542,56.368,"Forest-Tundra",19
-61.99,56.523,"Forest-Tundra",19
-64.195,59.882,"Arctic",38
-61.414,56.842,"Forest-Tundra",23.5
-61.806,56.647,"Forest-Tundra",24
-85.67,72.911,"Arctic",38
-62.932,58.63,"Arctic",28.5
-62.228,56.477,"Forest-Tundra",19
-67.295,66.099,"Arctic",38
-75.725,64.476,"Arctic",38
-62.43,45.37,"Conifer/Hardwood",26
-121.6833,46.9,"Coastal",47
-121.7625,46.7764,"Coastal",32.5
-121.87,46.8317,"Coastal",28
-121.6128,46.8978,"Coastal",46.5
-121.5508,46.9033,"Coastal",51.5
-121.8833,46.8,"Coastal",36.5
-121.7881,46.7714,"Coastal",42
-121.8122,46.7522,"Coastal",22.5
-121.875,46.7683,"Coastal",28
-121.8317,46.9767,"Coastal",23
-121.8633,46.9967,"Coastal",31.5
-122,46.7581,"Coastal",27
-122.04,47.07,"Coastal",24
-122.0533,47.0967,"Coastal",40.5
-122.2986,46.8097,"Coastal",27
-112,42.33,"Mountain vegetation",14
-112,42.33,"Mountain vegetation",37.5
-112,42.33,"Mountain vegetation",24
-112,42.33,"Mountain vegetation",43
-112,42.33,"Mountain vegetation",38
-124.1169,44.0925,"Coastal",38
-124.2164,43.5244,"Coastal",37
-123.8439,43.5958,"Coastal",22.5
-122.4939,45.8044,"-99",23.5
-123.5792,45.8242,"Coastal",23.5
-123.7208,45.2153,"Coastal",33
-122.3269,46.6689,"-99",33.5
-121.6364,46.5775,"-99",37
-121.9814,44.8756,"Coastal",38
-122.1131,44.8244,"Coastal",37.5
-122.2614,44.3583,"Coastal",18
-121.8058,46.6278,"Coastal",28.5
-121.6081,46.6028,"-99",33
-121.8064,44.4056,"Coastal",33
-121.0669,46.6397,"Coastal",37.5
-121.7972,45.5811,"Coastal",28
-121.6939,45.2192,"Coastal",28.5
-121.4181,46.6289,"-99",38
-121.7878,45.0317,"Coastal",28
-121.3858,46.6433,"Coastal",37.5
-121.6983,46.7628,"-99",37.5
-121.8478,43.7994,"Coastal",23.5
-122.0417,43.65,"Coastal",28.5
-121.73,46.7697,"-99",22.5
-122.0517,43.6206,"Coastal",28
-121.8925,43.8239,"Coastal",23
-121.7769,44.7964,"Coastal",28
-122.1147,43.4119,"Coastal",32.5
-121.5175,46.8694,"-99",32.5
-121.7567,44.0339,"Coastal",23.5
-122.0333,43.6983,"Coastal",28
-121.9619,43.8108,"Coastal",23
-122.0269,43.6778,"Coastal",33
-122.2519,42.6517,"Coastal",33
-121.6219,44.1014,"Coastal",33
-122.2339,42.6581,"Coastal",28
-121.7383,46.7917,"-99",33
-121.1711,47.5789,"-99",28.5
-121.6572,46.9111,"-99",28
-121.72,46.8,"-99",31
-121.6664,46.9192,"-99",37.5
-124.0061,42.6975,"Coastal",26.5
-123.9844,42.1872,"Coastal",34
-123.3033,42.065,"Coastal",29
-123.4594,42.0222,"Coastal",23.5
-123.3714,42.0886,"Coastal",42.5
-122.1561,43.1292,"Coastal",18
-122.1247,42.64,"Coastal",18.5
-122.2439,42.4444,"Coastal",14.5
-118.45,42.7653,"Mountain vegetation",28.5
-118.3433,42.9172,"Mountain vegetation",28.5
-119.8806,42.2053,"Mountain vegetation",28.5
-120.1489,42.6597,"Mountain vegetation",28.5
-118.6492,42.7375,"Mountain vegetation",33
-121.4311,44.5397,"Coastal",29
-121.0453,44.4953,"Coastal",33
-121.1286,44.0853,"Mountain vegetation",28.5
-120.9536,42.3117,"Mountain vegetation",28
-120.8806,45.9181,"-99",28.5
-119.6628,44.9744,"Mountain vegetation",33.5
-121.9917,42.445,"Coastal",38.5
-121.9355,42.3978,"Coastal",42
-121.9017,42.3183,"Coastal",37.5
-121.8771,42.3893,"Coastal",37.5
-119.8314,44.4269,"Mountain vegetation",33.5
-118.7725,44.2369,"Mountain vegetation",43
-119.3156,45.1164,"Mountain vegetation",43
-120.3367,44.4369,"Mountain vegetation",38
-121.0294,42.7619,"Coastal",33.5
-119.6294,43.8936,"Mountain vegetation",33
-120.1606,42.4211,"Mountain vegetation",28.5
-120.6403,42.2833,"Mountain vegetation",33
-121.5781,44.6219,"Coastal",37.5
-121.5581,45.3022,"Coastal",28.5
-118.9103,44.5497,"Mountain vegetation",33.5
-118.2664,45.1103,"Mountain vegetation",38
-120.7353,42.6925,"Mountain vegetation",23.5
-118.2139,44.9583,"Mountain vegetation",37.5
-120.755,42.5622,"Mountain vegetation",14
-117.2728,45.2128,"Mountain vegetation",37.5
-123.1667,49.8333,"Coastal",33
-123.0833,50.1,"Coastal",38
-122.95,50.2333,"Coastal",38
-121.75,49.3667,"Coastal",37.5
-121.7,49.4167,"Coastal",32.5
-127.8333,50.5333,"Coastal",23
-129.9833,55.9167,"Boreal Forest",23.5
-123.2167,49.4,"Coastal",28
-122.95,49.4167,"Coastal",23
-122.9333,49.45,"Coastal",37.5
-121.75,49,"Coastal",33
-121.7667,49,"Coastal",28.5
-121.7667,48.8833,"Coastal",33
-121.7667,48.85,"Coastal",28
-121.7833,48.95,"Coastal",33
-123.0167,50.2,"Coastal",33
-123.4,49.9833,"Coastal",28
-123.15,50.0333,"Coastal",28
-123.1167,50.05,"Coastal",28
-122.9833,50.0333,"Coastal",38
-122.9833,50.0333,"Coastal",38
-132.0667,52.9333,"Coastal",24
-132.0667,52.9333,"Coastal",24
-129.9833,55.9167,"Boreal Forest",33
-129.9833,55.9167,"Boreal Forest",33
-129.9833,55.9167,"Boreal Forest",37.5
-129.9833,55.9167,"Boreal Forest",23.5
-122.1667,51.0833,"Mountain vegetation",33
-123.3833,50.7667,"Coastal",28
-122.2333,50.4333,"Mountain vegetation",34
-121.9,50.0833,"Mountain vegetation",29.5
-121.25,50.0333,"Mountain vegetation",19.5
-121.3333,50.1167,"Mountain vegetation",34
-121.35,50.0167,"Mountain vegetation",19.5
-121.35,50.0167,"Mountain vegetation",24.5
-121.2167,50.0333,"Mountain vegetation",19.5
-122.6333,50.0333,"Coastal",33.5
-110.4333,43.9667,"-99",28.5
-109.8386,44.4525,"-99",33.5
-122.575,44.6333,"-99",18.5
-122.1178,48.7692,"-99",18
-111.3453,34.4622,"-99",33.5
-108.8083,35.9689,"-99",19
-119.6667,37.85,"-99",18.5
-114.9867,45.7044,"-99",24
-114.4353,46.5614,"-99",34
-114.2619,45.8919,"-99",24
-113.4403,45.8406,"-99",38.5
-122.036,43.7882,"-99",28
-120.2236,41.3867,"-99",23.5
-120.2097,41.9758,"-99",28.5
-122.9681,41.3447,"-99",37
-123.3003,41.9697,"-99",24
-123.5853,41.6947,"-99",29
-122.6875,41.2919,"-99",24
-123.2231,41.5464,"-99",24.5
-122.7614,41.2225,"-99",24
-123.3092,41.5658,"-99",23
-122.5575,41.3467,"-99",9.5
-122.805,41.0494,"-99",14.5
-123.6878,41.8147,"-99",29
-122.495,41.2072,"-99",14
-123.3208,41.5472,"-99",23.5
-123.1119,41.57,"-99",24
-123.2186,41.4119,"-99",23.5
-123.4055,42.0104,"-99",33
-123.2078,41.415,"-99",14.5
-122.9603,41.1936,"-99",23.5
-123.7192,41.5978,"-99",29
-123.1786,41.5525,"-99",33.5
-122.8567,40.9528,"-99",29
-123.3278,41.5617,"-99",19.5
-122.9036,41.2094,"-99",18.5
-122.9558,41.2989,"-99",23.5
-123.6961,41.7594,"-99",24
-122.7731,40.99,"-99",19
-122.6456,41.3361,"-99",24
-122.9514,41.3078,"-99",23.5
-123.1319,41.5622,"-99",23.5
-123.58,41.7014,"-99",19.5
-122.5076,41.3205,"-99",28
-123.6704,41.8077,"-99",18
-123.1289,41.5058,"-99",33.5
-122.51,41.1908,"-99",33.5
-123.8481,41.675,"-99",24
-123.7481,41.3786,"-99",24
-123.2092,41.6125,"-99",19.5
-122.9606,41.3422,"-99",18.5
-123.3167,41.5297,"-99",23.5
-122.5067,41.2742,"-99",18.5
-123.6197,41.8486,"-99",24
-123.3747,41.1533,"-99",29
-123.6461,41.9017,"-99",29
-123.7033,41.616,"-99",33.5
-123.3633,41.55,"-99",14.5
-123.2642,41.5589,"-99",28
-122.7544,41.1528,"-99",19.5
-122.9403,41.2969,"-99",38
-123.1275,41.5353,"-99",28
-123.4159,42.0086,"-99",28.5
-122.4269,41.2144,"-99",37.5
-122.7817,41.2247,"-99",18.5
-122.5613,41.371,"-99",19
-123.671,41.8045,"-99",24
-122.4306,41.2117,"-99",23
-122.5133,41.2089,"-99",19.5
-122.5036,41.1917,"-99",9.5
-123.6454,41.9226,"-99",29
-84.0867,39.4075,"",26.5
-82.9556,39.3739,"",29.5
-84.0886,39.4064,"",13
-82.5806,39.4575,"",29
-83.1036,38.6778,"",32
-83.1714,38.6972,"",18.5
-82.7625,39.3747,"",15
-82.9661,39.2311,"",18.5
-84.2153,39.8136,"",26
-116.7819,34.2028,"",18.5
-116.7658,34.2011,"",23.5
-116.7822,34.1247,"",24
-117.0519,34.235,"",14.5
-117.0061,34.2681,"",32
-116.7178,34.1722,"",22
-116.6725,33.8006,"",9.5
-116.9142,34.2814,"",18.5
-116.6533,33.8067,"",14
-116.7997,34.1483,"",28.5
-116.7997,34.1483,"",19
-116.6622,33.7692,"",19
-116.6622,33.7692,"",23.5
-116.5856,32.9672,"",19
-73.6311,44.0661,"",29
-73.6503,44.0789,"",39
-73.5897,44.3853,"",39
-73.675,43.9861,"",44
-73.6411,44.0183,"",39.5
-73.6486,44.0228,"",34.5
-73.6356,44.1011,"",42.5
-73.6833,44.0392,"",44
-73.6417,44.1025,"",44
-74.3842,44.3136,"",34
-74.3964,44.3019,"",44
-74.3356,44.3283,"",34.5
-74.3433,44.3411,"",29
-74.3411,44.3411,"",32.5
-74.3575,44.3056,"",39
-74.3825,44.3158,"",33
-74.3375,44.3233,"",39
-74.2975,44.3522,"",39
-74.0611,43.4417,"",43
-74.9583,43.9569,"",40
-75.0417,43.85,"",42.5
-74.5306,43.2583,"",48
-74.7139,43.3467,"",34.5
-74.3008,44.3458,"",39
-74.3681,44.3186,"",43.5
-74.3681,44.3122,"",39
-74.3708,44.3097,"",38
-74.3139,44.3467,"",43.5
-74.3542,44.2917,"",28
-73.6333,43.9869,"",42.5
-73.7739,43.5744,"",34.5
-74.3944,44.2639,"",39
-74.3,44.3522,"",34
-74.3033,44.3608,"",29.5
-73.5856,44.0986,"",39
-74.3,44.3569,"",34.5
-73.5825,44.3869,"",44
-103.2806,39.7427,"",14
-104.5067,45.7264,"",28.5
-104.5131,45.7375,"",28.5
-104.1383,45.6236,"",32
-109.4264,47.1525,"",28.5
-106.4111,47.4453,"",32
-107.4797,47.0958,"",28.5
-109.9389,46.9533,"",29
-110.0842,46.9894,"",24
-112.43,47.3061,"",38
-108.3533,47.2092,"",28.5
-108.34,47.0964,"",28.5
-101.6758,42.9128,"",41.5
-98.7972,47.8461,"",41
-98.8194,47.9461,"",41
-99.0961,47.9667,"",46
-103.7406,46.2217,"",32
-98.4361,47.9094,"",50.5
-98.9397,48.0736,"",40.5
-98.8883,48.0092,"",32.5
-103.6603,46.5461,"",40
-99.4236,46.8842,"",42
-103.315,45.5131,"",32
-102.0492,44.9778,"",36.5
-102.8412,44.106,"",36.5
-100.6958,43.0422,"",37
-99.8981,43.1706,"",41.5
-105.3781,43.6913,"",28.5
